date,review_title,review_text,rating
2019-06-11T15:44:24-07:00,구입목록 삭제좀 부탁드려요,구입목록 삭제좀 부탁드려요,5
2019-06-06T06:50:13-07:00,운영이 어디다?,운영이 망친 게임,1
2019-06-06T03:01:14-07:00,다운이 안받아지네요..,"아이폰7 용량 큰건데... 다운이 안받아져요ㅡㅡ
계속 로드중....
다른 게임은 다 받아지는데 이것만 안되네요..",3
2019-06-04T00:02:07-07:00,ㅎ로ㅝ,ㅠㅠㄹ하ㅏㅐ,5
2019-05-30T14:42:52-07:00,12.3.1 업데이트이후 자주팅김현상,문제해결바랍니다,1
2019-05-29T20:28:59-07:00,폰겜 전혀 안하는데,이건 웬일로 빠짐,5
2019-05-25T04:20:24-07:00,이거 자꾸 튕겨여,"전 게임을 처음 하는데여,캐릭 생성을 할때마다 튕겨여..오류인가여..?",2
2019-05-21T06:49:45-07:00,복구해주세요,도면 빠른구매를 했는데 아이템이 제대로 구매가 안되고 쓸대없이 중복 구매가 됐어요 복구해주세요,1
2019-05-17T04:46:32-07:00,굿,굿,5
2019-05-08T02:09:00-07:00,다 좋은데 누비들과 오토들...,"누비로 하면 격차 따라잡기 좀 힘들어요
그리고 필드보스 젠타임마다 오토들이 
보스잡으러 다녀서 일반 유저는 한번잡기 정말 힘듭니다",3
2019-05-06T18:39:11-07:00,휴 아직잘 모름,아직 뭐가 먼지 에휴 ㅋㅋ,3
2019-05-06T03:58:15-07:00,아이폰6+.....,아예 접속이 안 되네요....ㅠㅠㅠㅠㅠㅠ 속상합니다. 오류 해결해주세요ㅠㅠ 너무 하고싶어요오...,1
2019-05-05T19:19:02-07:00,오류있는거 같아요,"이틀동안 잼있게하고있는데
2차 전직하고 스킬잘못찍은거 같아서
섬광막대 사용했는데
크루세이더 스킬레벨3인데도 불구하고 모든스킬이 0으로 되어있어요;; 어디에다가 문의할지몰라서 여기에 남깁니다",4
2019-05-01T18:58:32-07:00,요즘,자동 사냥이 질려서 라그나로크m을 다시 찾았습니다. 게임은 재미있지만 본가 라그의 그래픽이었다면 더 빠졌을 텐데 ㅜㅜ 너무 아쉽습니다. 고전 느낌의 라그나로크 온라인. 그 그래픽이었음 더 애정이 가지 않았을까 하는 아쉬움이 남네요,5
2019-04-27T01:34:30-07:00,접속이 안됌,다시 해보려 했는데 접속이 안됌,1
2019-04-25T23:59:02-07:00,잼있네요,잼있음,5
2019-04-21T17:18:57-07:00,ㄱ,ㄱㄱ,5
2019-04-21T02:53:28-07:00,현생망함,시험기간인데,4
2019-04-20T17:50:25-07:00,팅김,게임설치후 하려고했는데 캐릭터생성누르면 탕깁니다 아이폰6이고 저장공간도충분한데 왜틴기는지 모르겠습니다,2
2019-04-19T14:56:32-07:00,갓겜라그,역시 갓겜..ㅎㅎ,5
2019-04-19T06:18:57-07:00,네 게임은 너무 잘만들었어요 근데 시바 x나 버벅되네,"하 진짜 고쳐딜라고 한지1년정도 됬는데 
업데이트를 할때 최적화 좀 해달라고 
아니 무슨 로딩될때 튕겨?
겨우겨우 들어가도 1,2초만 있으면 튕기는데 
이걸 하라고 만든 게임인가?
물론 아이폰6가 다른 폰들에 비해 램이 딸리는건 맞는데 다른 그래픽 개 좋은 mmorpg겜<ex)검은사막등>은 아주 x나 잘돌아 간다 
게임 자체는 너무 잘만들어 미치겠는데 최적화 문제가 x나 심각하니까 최적화좀 시켜주라",5
2019-04-18T00:52:17-07:00,애드온,눕자,1
2019-04-17T20:54:50-07:00,좋아요 재밌어요,!!,5
2019-04-15T09:16:51-07:00,애정있는 이용자로서,"버그 안 고침, 애드온 안 잡음, 문의 쌩깜, 꼬우면 소보원에 신고하라고 고객센터에서 그럼, 구라비티 운영은 명불허전입니다.",1
2019-04-15T08:11:50-07:00,유일하게 온라인과 견주어도 정교함이 떨어지지 않는 게임,"해보면 압니다. 온라인보다 더 정교하거나 비슷함.

모든 시스템, 다양성이 매우 뛰어남",5
2019-04-13T17:54:38-07:00,캐릭터 설정할때마다 튕기는 것 실화,"캐릭터를 설정하려고 누르면 계속 튕겨요.
저 아이패드인데 좀 고쳐주세요.",1
2019-04-13T08:21:42-07:00,애드온 처리를하라,영구정지 아이디도 공개하라,1
2019-04-11T20:14:47-07:00,운영 못함 소통 없음 유저를그냥 지갑으로암,"1년 넘게 애드온 사용자들 방치 불법 프로그램 잡을 능력도 없어 대책도 없어 소통도 없어~
신규분들 이거 하지마요",5
2019-04-10T19:27:11-07:00,아이폰6 튕겨서 안들어가져요ㅠㅠ,"2019.4.11일 패치하고 안들어가져요
빨리 조치해주세요",1
2019-04-09T23:42:28-07:00,환불요청합니다.,캐시템 사서 하고있는데요 게임내 핵프로그램 사용하는데 개발사에서 아무런 조치를 하고있지 않습니다. 게임하기 싫고요 모든 금액 환불해주세요,5
2019-04-09T23:21:09-07:00,이건 좀....,라그나로크 좋아하고 나오는 겜 왠만하면 다 해보는데 이건 좀 너무하네요 x 해상도도 지원안하고 겜 수준이 대학 졸작 수준 보다 못한것 같습니다 스킬 탭에 광고 보고 얻는 버프 얻을려다 보게된 광고에 있는 게임이 더 잼있어 보이는겜은 처음입니다,1
2019-04-08T01:09:03-07:00,불법프로그램 안잡음 끝,애드온안잡고 귀막고 운영함,1
2019-04-07T22:42:11-07:00,애드온,좀 잡아요 제발,1
2019-04-07T22:40:21-07:00,애드온잡아라,"1년동안 불법프로그램 방치하는 라그m
한국사람 호구로 아는 구라비티",1
2019-04-07T22:32:46-07:00,게임핵 제재안해서 망한 게임이에요 하지마세오,"애드온이라고 보스몹 자동으로 사냥해주는 핵프로그램이 있는데 제재를 한번도 안해서 개나소나 핵쓰는 게임이에요
달러결제로 핵써서 하실분 아니면 겜하면서 스트레스만 받으실거니 안하시는게 좋아요",1
2019-04-07T22:29:01-07:00,잘만든게임 무능한운영,13개월 게임한 유저입니다. 전 다시는 그라비티 운영하는 게임에는 손도 안될 생각입니다.,1
2019-04-07T09:33:23-07:00,한정특전 구매했는데 적용은안되고,한정특전 구매했는데 적용은안되고 결제만 3번들어갔습니다. 결제2건 취소해주시고 적용해주세요,1
2019-04-05T16:43:52-07:00,ㅇ,ㅇㅇㅇㅇ,1
2019-04-04T05:56:24-07:00,생각나서 다시왔는데,게임 시작이 안되네요 계속 팅김...예전에도 최적화 구려서 접었는데 아직도 이모양일줄은. 아 제기기는 아이패드 에어,1
2019-04-03T12:56:46-07:00,다운로드가 안되요,멈춤에서 아무 반응이 없어요 어떻게 고쳐요,3
2019-04-01T17:10:33-07:00,생각이상 몰입도있네요,"옛추억도생각나고 몰입도도 좋아요
오랜만에  모바일게임에 빠진것같네요",5
2019-03-31T23:29:23-07:00,아이폰6 안됩니다.,"게임하실분 참고하세요. 캐릭생성.기존캐릭 접속불가
최적화가 구기종 걸러내고 한듯.",1
2019-03-31T16:03:51-07:00,굿,굿,5
2019-03-30T19:29:23-07:00,튕김이...,게임을 깔고 캐릭터 생성하기 전까지 한 6번은 튕긴것 같아요. 저는 아이폰 6를 쓰는데 제 폰이 좀 구리긴 하지만 튕김이 좀 심한것같습니다,3
2019-03-30T01:13:34-07:00,다운로드가 안되요,아이폰xr인데 고중에 계속 다운로드한게 초기화되요,1
2019-03-25T08:38:49-07:00,최적화 드럽게 안하네,어휴,1
2019-03-24T19:03:50-07:00,ㄴㅇㅇ,ㅇㅇㅇㅇㅇ,5
2019-03-23T02:49:20-07:00,아이폰 6캐릭생성시 튕김,진짜로 이충돌만좀 어떻게해주세요 ㅠㅠ,5
2019-03-23T02:33:12-07:00,퀘스트 버그 해결바랍니다.,"퀘스트명:  함락된 모로크
루델과 대화 
대화를하면 퀘스트가 진행이 되야하는데
진행되지않습니다.
아이디:Arteon",1
2019-03-22T22:52:18-07:00,아아아이아아아,"게똥망겜아

자세히보기",1
2019-03-22T16:22:15-07:00,라그나로크 m 재미있어요...,라그나로크m 무지 재미나요~~~,5
2019-03-22T16:09:05-07:00,라그는,"모바일 RPG 중에서 가장 최고인듯.

운영 스토리 사냥 퀘스트 다 좋아요!!!",5
2019-03-21T08:54:45-07:00,재밋음,추억돋고 재밋,5
2019-03-21T02:05:09-07:00,안돼요,시작 하기전 계속 끈킴,1
2019-03-20T06:07:12-07:00,존나튕김,ㅇㅇ,1
2019-03-19T18:38:43-07:00,재ㅣ재미,꿀꿀재미재미,5
2019-03-19T16:42:18-07:00,소리가 안들려요;;,아이폰8 사용중인데 게임을 지우고 다시깔아도 소리가 안나네요..,3
2019-03-18T21:17:35-07:00,아이폰 6s+ 실행팅김,게임실행시 로딩도 못하고 초기화면에서 튕기는데 어떻게하면되나요??,5
2019-03-17T04:25:45-07:00,게임을 못하겠어요,깔았는데 캐릭터 생성에서 자꾸 튕겨서 나가져요. 무슨 방법을 다 해봐도 게임 자체를 시작할 수가 없는데 어떻게 해야하나요?,1
2019-03-16T21:41:25-07:00,최적화패치이후 아이폰6접속이 안되네요,어제까지 접속가능했는데 오늘 최적화 패치 받고 접속이 안되네요. 패치 올라온건 일주일이 넘었는데 아직까지 해결 되지 않은건 실망이 매우 큽니다.,1
2019-03-14T16:01:02-07:00,아이폰6문제,아이폰6로 하면 게임 시작하고 캐릭터생성부터 튕깁니다 문제 해결해주시면 감사하겠습니다,1
2019-03-14T08:54:45-07:00,막장 운영,"운영 막장 
재미는 있음
운영사만 바뀌면 1위찍고 한참을 머무를 게임",5
2019-03-14T05:15:04-07:00,캐릭터 생성부터 튕김,"아이폰 12.1.4 버전 사용자입니다. 
2019.3.14. 처음 다운로드 후 게임 시작하면서 튕기더니 캐릭터 생성에서 계속 튕기면서 아예 캐릭터 만들기도 못하는 상황입니다만.. 평가 못하겠네요 ㅋ",1
2019-03-13T16:38:53-07:00,게임은 참좋은데 ㅠㅠ,진짜 게임은 참좋은데 운영은똥망인데 돈벌려고 가챠에만 신경쓰는게 안타깝습니다 ㅠ 롱런할생각으로 길게보면 알아서돈들어올텐데... 하다못해 버그랑 악성버그유저들만 잡아줘도 큰불만없을거같은데 아무리 공카에 문의를해도 나아지는게 없습니다 에휴... 게임은 참좋은디 ㅠ,5
2019-03-13T15:57:22-07:00,갓겜,"운영은 개 막장. 이렇게 잘만든 게임 말아먹기 힘든데 그 어려운걸 그라비티가 해냅니다. 패치할때마다 유저 떨어저 나가고, 버그 터질때마다 수습은 커녕 공지도 없음. 대단하다 진짜",1
2019-03-09T18:01:19-07:00,운영 관리 하나도 안함,"중국고 복붙하는데도 오류 버그 많고 운영 관리 하나도 안하고 핵쓰는 애들도 안잡고 개쓰레기게임 과금유도만 엄청 하고 새로운 유저가 둘어올 수 없는 구조
심지어 최적화 패치했는데 렉 더걸림 ㅋㅋㅋㅋ",5
2019-03-09T03:21:38-07:00,캐릭터 생성 자체가 안되네요...,"그림체보고 깔았는데 캐릭터 생성 버튼 누르면 팅겨요
개선 부탁드려요
앱을 3번 지웠다 깔았다 했는데도 그대로네요 ㅡㅡ",1
2019-03-08T13:17:42-07:00,진행불가̌̈,아이폰6 유저인데 캐릭터 생성 뉴르면 튕기네여,1
2019-03-08T11:48:51-07:00,아이폰6,"자꾸 캐릭터생성하면 팅겨서
한판도 못해봤는데
지웠다가 깔아도 똑같아요 어떻게해야되나요",1
2019-03-07T19:23:34-07:00,진짜 최악의 운영,"리니지엠을 따라잡고 싶지만
운영을 못하고 중국회상 굽신거리다가
가챠만 주구장창 추가하고 오류는 고치지도 못하고 카페운영자는 매크로답변만하고...

이렇게 M 붙은 게임은 진짜 사라졌으면 좋겠다",5
2019-03-07T08:12:37-07:00,재밌네요 ㅎ,몰입도도 좋고 재밌네요 ㅎ,5
2019-03-04T07:54:23-07:00,굿굿,그래픽도좋고 중독성도있고ㅋㅋㅋㅋㅋ하는만큼 성장할수있어요ㅋㅋㅋ,5
2019-03-04T01:24:11-07:00,와이파이켜고 하면...,자꾸에러뜹니다.....사진첨부도 안되넹 어디다 얘기해야합니깡,1
2019-02-28T18:55:13-07:00,등신 같은겜 하지말고 삭제하셈,운영에 운자도 모루는 회사임 ㅈㄹㅈㄹ,1
2019-02-28T04:23:36-07:00,완전싫어요,"재밋다하길래 기대하고서 들어갓는데
1분에 한번씩 튕겨요....아이폰 6이고 용량은 3분의1도 안썻습니다.....실망이네요...",1
2019-02-27T17:44:40-07:00,지금 안켜지거든요? 업뎃 다시하세요,지금 안켜지거든요? 업뎃 다시하세요,1
2019-02-26T09:23:28-07:00,재미,재미잇음 해보셈,5
2019-02-18T21:11:39-07:00,핸드폰 용량 부족이라는데,3.5기가 용량이 부족해서 다운이 안된다고 하는데 폰 용량 체크 여러번해도 공간 충분하고 남습니다. 왜 다운이 안되는지를 모르겠네요,1
2019-02-18T04:12:40-07:00,고양이 코인 결제했는데..,"5900원?짜린가 했는데 16700원이 결제되었고
코인 충전도 안되었습니다 아이폰 xr유저입니다.
조취 부탁드립니다!",4
2019-02-16T23:24:07-07:00,이뻐여 너무,배경도 캐릭도 음악도 모든것이 너무 이뻐요~!!!!,5
2019-02-16T21:02:31-07:00,불륜게임,유부녀들 남자들한테 꼬리치고 현실 만남까지 이루어지는 더러운 불륜게임~ 길드는 바람피기 위한 공간임ㅋㅋㅋ 카톡 필수인데 들어가면 대화 내용이 가관임.. ㅠㅠ 더러워서 바로 겜삭.. 한국에서 망해서 하는 사람도 거의 없고 짱깨들이나 하는 게임인데 유부녀 유부남들 바람피는 곳으로 전락했네~,1
2019-02-16T09:06:26-07:00,재밋게 잘하고 있습니다.,아이패드 프로 3세대ㅡ해상도 지원좀 해주세요~,5
2019-02-14T00:34:44-07:00,Jsjsbsh,Jdjdbs,5
2019-02-12T07:41:40-07:00,고성외각 쌍둥이별 할 에서,"고성외각 쌍둥이별 할, 퀘스트에서 자꾸 멈춰요...ㅠ왜이러죠?
지우고 새로 깔아도 거기서 멈추네요..",5
2019-02-10T05:58:20-07:00,진짜루,"정신 못차렸넹,,, 다시와봤는데 ㅋㅋㅋㅋㅋ
말이 안나옴 그냥 ㅋㅋㅋㅋㅋ
게임 다 망쳐놨네 ㅋㅋㅋ 돈벌려고 하는거 아는데여
적당히 해야지여 ㅋㅋㅋ 이러면 복귀유저도 없을듯
수고염ㅋㅋㅋ 그라비티 운영이면 이제 절대 안할듯ㅋㅋ",1
2019-02-08T20:24:47-07:00,불편함,퀘스트하러가는게 불편하네요. 다른게임들처럼 목적지로 자동으로 이동하게 해주시면 편할텐데 없어서 많이 불편하네요. 여러가지 고쳐주셨으면 좋을것도 많지만 불편하면 안해요,1
2019-02-07T06:02:52-07:00,용량문제,"무슨게임이 거의10gb을 잡아먹죠..
아무리 저장공간비워도 용량부족으로 해보지도못하네요; 용량좀 낮춰주세요",5
2019-02-06T23:20:33-07:00,진짜 양심이없는거냐 ㅋ㉪,"무슨 아이폰 6쓰면서 발열문제 성능문제를 언급하냐 ㅋ⫬ㅋ⫬ㅋ⫬ㅋ⫬ㅋ⫬ㅋ⫬ㅋ⫬ㅋ⫬ㅋ⫬ㅋ⫬ㅋ⫬ㅋ⫬ㅋ⫬ 
양심이좀 있어라 나온지 5년도 더 넘은 폰가지고진짜;;",5
2019-02-06T18:54:03-07:00,설치 오류 ㅠㅠㅠ,"하고 싶은데.. 
‘설치에 필요한 공간 3.5GB. 기기 용량이 부족합니다 공간을 확보한 후 재시도하세요’ 이렇게 뜨네요.. 하.. ㅠ 
아이폰X 이고 여유용량 26GB 넘게 있는데 왜 이러는지... 참... ㅠ 해결해주세요",1
2019-02-06T16:06:32-07:00,저장공간,저장공간 존나많은데 계속 저장공간 3.5gb 부족하다고 하네ㅡㅡ,1
2019-02-06T00:46:36-07:00,어떻게 된게임이 설치도 안됨?,"4달전에도 똑같아서 지웠는데
아이폰8s씁니다. 도데체 설치에서 왜자꾸 화면이 꺼집니까 더러워서 안해
재 폰이 이상하냐구요? 이게임말고다돼",5
2019-02-05T22:25:09-07:00,재밌어요 오래할 수 있는 모바일겜,두어딜 하다 지우는 거 그맘하고 싶어서 시작했는데 반년째 잘 하고 있습니다 아이폰7s+ 써요,1
2019-02-05T20:07:03-07:00,완전 재미있어요! 근데 버그좀 고쳐주세요.,"게임 스토리도 재미있고, 여러가지 이벤트와 캐릭터들과 직업이 있어서 RPG를 처음 해보는 저도 즐겁게 플레이 해볼수록 있었습니다! 다만 아쉬운 점은 설날 기념으로 있는 수수께끼 돼지 퀘스트에 오류가 있어서 그런지 정답을 써도 정답이라고 뜨지 않고. 재접하면 퀘스트 자체가 날아가 버려서 2번이나 날렸어요. 오류를 고쳐주시거나 보상해 주시면 안될까요? 게임은 완전 좋은데. 그게 살짝 아쉬워서요.",5
2019-02-05T09:58:35-07:00,다운로드하다가 지움,"백그라운드 다운로드 기능도 없고 일단 시작하고 뒷부분 다운받는 기능도 없는 빡대가리 운영진이 만든 게임.
그러니 줄창 게임 다 말아먹고 회사 휘청하지.
신규유저도 줫도 없을텐데 30분 다운로드 기다리면서 잘도 게임 시작해주겠다",1
2019-02-05T05:29:49-07:00,저 진짜로 이게임하고싶어요ㅠㅠ,"저번에 어쎄신으로 70렙 찍고 아이폰6으로 기종변경했는데 게임이 왜지꾸 튕기나요...
저 이게임 진짜 하고싶으니까 제발 최적화좀해주세요",5
2019-02-04T23:27:20-07:00,운영이 개판,게임은 5점짜린데 운영이 심각하게 욕나와서 1점준다,1
2019-02-04T01:13:34-07:00,다 좋은데 ...........,"다좋고 재밌어요 근데 하다보니 갑자기20분동안 안되서요 그래서 지웠는데요
좀 고쳐주세요",4
2019-02-04T00:42:49-07:00,들어가지지가않음,계속 시작도전에 튕기고 실행안되는데 해결좀요 아이폰8입니다,3
2019-02-03T02:24:18-07:00,용량이많이남았는데,용량이 많이 남았는데 계속 공간확보하라고 떠서 다운을 못받고있어요 ㅠ,4
2019-02-03T02:22:23-07:00,안되요~~~,"안들어가져요~~~
진짜 최악이네요
이런 거지같이",1
2019-02-02T18:49:00-07:00,아이패드 3세대 지원해주세요~~,ㅠㅠ,5
2019-02-01T16:34:45-07:00,아이패드2사용자,사양이 높은건지 모르겠으나 최저 사양으로 게임 하는데도 렉도 도 심하고 5분마다 팅기네요,1
2019-01-30T03:16:57-07:00,현질유도 오지는 ㅈ망겜,운영 ㄱ ㅐ막장..,1
2019-01-26T13:32:47-07:00,앱오류!,언젠가부터 어플 키면 바로 꺼지고 실행이 안되요 ㅜㅜ 도와주세여,5
2019-01-25T21:34:39-07:00,잼나요,잼나요,5
2019-01-25T00:37:40-07:00,뭐한다고 이딴게임이 별점이 높냐?,구라비티 조작 수준~,1
2019-01-21T16:04:16-07:00,똥폰가지고 최적화 운운하네,"지들이 똥폰쓰면서 렉걸리는걸 왜 게임탓을 하는지 

충분히 잘 만들어진 겜이고

최적화도 잘되있구만

대체 몇년전 폰가지고 얼마나 욕심이 많은건지

ㅉㅉ",5
2019-01-13T06:04:18-07:00,재밌네요,아기자기하고 재밌어요,5
2019-01-12T19:53:44-07:00,버그 좀,"아이폰에서만 이러는것 같은데
로그아웃하면 무조건 쥐메일로 로그인이 되네요
페이스북로그인을 막으신건가요",2
2019-01-10T17:22:33-07:00,잼나요,잼나요,5
2019-01-07T21:14:27-07:00,튕김 현상,렉도 너무 심하고 자꾸 튕김 현상이 발생하네요 들어간지 5분도 안되서 자꾸 튕기네요 10분동안 4번 5번은 튕긴거 같아요ㅠ,1
2019-01-07T07:36:37-07:00,결제가 안되요,아이폰 유저인데 처음에 결제가 잘되다가 안되는데 이유가 왜인가요 결제를 하고싶어도 못하게 하나요 돈을 꺼주고 싶다구요,1
2019-01-06T05:10:59-07:00,버그 방치하고 유저 돈빨아먹는 게임,"버그 몇일 몇주 방치하고
패치만하면 버그 생겨나고 과금패키지 낳는다고 리소스 넣는다고하면 또 버그생기는데

버그 수정은 안하고
과금 패키지는 계속 넣는데, 과금패키지 넣을때마다 버그생기고, 심지어 팝업 알람도 안떠서 유저가 안뜬다고 말해주고 팝업 공지좀 해달라고해야 겨우 공지해줌(과금 관련된거라 하는듯) 더 웃긴건 팝업 공지는 하면서 배너 안뜨는거 수정은 바로 못하고 노답...

아이폰 버그때마 사람마저 엄청 빠지는 중인데
버그에 관해선 일채 공지도 그 어떤말도 없이 나몰라라 운영하면서 과금패키지는 판다고 또 공지함

갓겜",1
2019-01-06T01:50:03-07:00,굿,굿,5
2019-01-04T07:35:33-07:00,버그나로크,아이폰 바그 도대체!!!!,1
2019-01-03T22:21:21-07:00,버그 좀 잡아두세요,커즈드 라이어 표기 버그 좀,4
2019-01-03T16:09:18-07:00,재밌다 이거,하루종일할수있다,5
2019-01-03T03:22:03-07:00,솔직한 리뷰,"게임 자체만 보면 별 4.8점

게임 운영은 1점

월 가차 , 연 가차 그 외의 현질 유도가 은근 많음 

현질 안하면 그만이지만 운영을 너~~~~무 못함",3
2019-01-02T09:43:12-07:00,아이폰만 해상도 대응인가요? 아이패드는요 ...,아이패드도 해상도 제발.,3
2019-01-01T21:21:04-07:00,굿이네요,옛날 추억으로 하고 있네요,5
2019-01-01T13:49:48-07:00,변신같은게임,운영 엉망 버그투성,1
2019-01-01T12:28:58-07:00,좋은 원작이 있는데도 이렇게 게임을 망치기도 싶지 않음.,"게임 내 컨텐츠가 부족하다고 생각했는지 이것저것 할것은 많이 만들고 복잡하기만 해뒀음. 무지 피곤하게 하는 게임.  과금안하면 레벨업도 힘들게 해야함. 보통 게임은 비교적 만렙이 되기 싶게 만들고 만렙 후에 콘텐츠를 즐기도록 하는 것이 정상이나 피로도 시스템으로 게임시간을 제한하고 베이스렙과 잡렙으로 이루어진 레벨업 시스템은 짜증 나도록 피곤함. 최고 레벨이 점점 올라갈 수록 새로 시작하는 신균인원이 따라갈 수 있도록 배려를 하고 아이템도 사고 파는데, 이점을 줘서 중간에 그만두는 일이 없게 해약하는데, 얼마 못가서 그만두는 일이 속출하고 기존에 하고 있던 게임들도 점점 떠나가는 추세임.

과금시스템에만 열중하고 패치할 때 마다 생기는 버그는 별로 신경 안쓰는지 패치할 때마다 버그가 생겨 문제를 많이 야기 시키고 버그 패치도 빨리 이루어 지지 않음.

한국 게임을 중국에 팔아 넘겨서 중국에서 만드는 게임이라 게임이 점점 조잡하지고 피곤하고 유저에게 과감해서 돈 벌기에 급급함.

중국이 게임 만드는 기술은 많이 늘었는지 몰라도 일당 독재의 공산국가 특유의 창의성 없고 허술한 면이 게임 곳곳에서 나타남.",1
2019-01-01T11:07:42-07:00,패치만하면 버그가 늘어남,이제는 뭐하자는 건지도 모르겠음,1
2018-12-31T02:42:53-07:00,ios,ios버그 고치자,5
2018-12-28T22:44:52-07:00,아이폰xr,아이폰xr은 해상도 업데이트안해주나요,3
2018-12-28T11:09:44-07:00,업데이트 뭐 한거죠??,업데이트 하더니 화면도 조금씩 버벅이는데다가 게임켜고 얼마 안있으면 자꾸 꺼지네요 업데이트 참..,1
2018-12-25T18:55:06-07:00,사진첨부가 안되네요 ㅋㅋㅋ,"게임 시작점부터 이게 뭔가요
화면 반만 나와요 ㅋㅋㅋㅋㅋㅋㅋㅋㅋㅋ",2
2018-12-24T22:13:26-07:00,그럭저럭,향수느낄수,5
2018-12-23T03:56:21-07:00,운영좀 잘해라,"유저 다 떠나고 후회말고 운영좀 똑바로해라
진짜 질려서 접은 1인이다. 돈만 밝히지 말고 유저들 위해서 좀 생각해라",1
2018-12-21T10:50:04-07:00,버그수정 부탁드릴게요,고성외곽 맵에서 지도에 뜨는 별 모양 퀘 다 수집하고 말걸면 딱하나가 이야기가 안끝나는 채로 계속 있습니다. 아무것도 못해요용,5
2018-12-20T23:40:36-07:00,ㅈ망운영의 끝는 어디인가,"중국에서 잘 만든 게임을 괜히 구라비티가 국내를 담당하는 바람에 망트리를 타게 된 비운의 게임
구라비티는 각성해라 제발",1
2018-12-18T20:23:23-07:00,아이패드 3세대 화면대응 부탁드려요,아이패드 3세대 화면대응 부탁드려요,5
2018-12-15T20:27:18-07:00,버그 수정,고성외곽에 쌍둥이별 할 버그 수정해주세요 ㅜㅜㅜ,3
2018-12-15T11:04:53-07:00,ㄱㅅㄱㅅ,추억팔이 ㅋ,5
2018-12-14T00:22:50-07:00,내인생의 갓겜,추억소환 ing~,5
2018-12-13T20:19:56-07:00,향수,흔하고 흔한 포화상태의 게임들속에서 이게임은 뭔가 끌리고 옛 향수를 느끼게 하네여,5
2018-12-12T21:50:47-07:00,운영 별-10 총점 0,제곧내,1
2018-12-11T06:11:28-07:00,굿,굿,5
2018-12-10T23:04:44-07:00,흐음..,"아이폰 6유저인데 너무 튕기네요..핵도 심하고요..
이거만 고쳐주심 완벽한데ㅜ",4
2018-12-10T00:19:37-07:00,너무 추억 돋아요,예전에 했던 게임을 다시 모바일에서 만나다니 너무 추억이 새록새록 재미있어요👍🏻,5
2018-12-09T02:12:53-07:00,게임이 설치가 안돼요,몇번을 다시 깔고 해도 용량이 3.4기가 가 필요하다고 계속 그러네요 제 핸드폰에 남아 있는 용량은 6기가가 넘는데 왜 이러는 건가요? sd카드도 없고 다른 건 다 설치가 돼요 확인 좀 해주세요,1
2018-12-03T10:46:08-07:00,시,아이폰 x인데 리소스파일 다운받을라면 튕긴다 개간ㄴ년아,1
2018-11-26T07:06:44-07:00,어려운게임,잼남 그래도 키키,3
2018-11-25T07:47:46-07:00,해결해주세요,"고양이 캐쉬충전했는데
메일도 없고 충전도 안되내요
충전을하면 바로 들어오게끔해야지 
어떻게 돌아가는지 모르겠네요...",1
2018-11-23T20:13:14-07:00,메크로 덕분에,"8렙 퀘진행이안된다 ㅋㅋㅋ
이런 쓰레기급 관리도 안되는거 왜 하냐 ㅋㅋ",1
2018-11-23T17:53:54-07:00,꿀 잼,zam,5
2018-11-23T02:44:27-07:00,인간적으로 게펜/고성외곽에서 오류좀 패치좀해줘요.,"게펜쪽이랑 고성외곽쪽 오류가 너무 심해서 퀘스트도 제대로 진행하기도 힘들어요.업데이트및 패치좀 해주세요.
고성외곽은 퀘스트완료가 안되는데 게임 할맛이 안나네요.
오류때매 재접속만 몇번을한건지...시간낭비 오집니다.",3
2018-11-22T03:55:42-07:00,왜 이렇게 버그가 많은지,"오늘 업데이트 하고 나더니 이제 로그아웃이 안되네요. 페이스북 로그아웃하고 구글로 로그인 하려는데 나가기 해도 계속 페이스북 로그인
됩니다. 혹시나 싶어 게임 껐다 켜봤는데도 여전히 그러네요. 답답하네요.",2
2018-11-21T00:58:22-07:00,과금유도도 심하고 결론적으로 퀘스트도 많고 정신없는데,퀘스트 자동 이동 좀 어떻게 해주면 할만하겠는데 정말 정신 사나움,4
2018-11-19T21:02:01-07:00,ㅇㅇ,옛날랭각나서 추억팔이로괜찮네용 ㅋ,5
2018-11-17T05:26:56-07:00,끊김,재밌고 아기자기하고 다 좋은데 3분에 한번씩 끊기네요 미쳐버릴거같아요 (아이패드 유저),2
2018-11-16T08:22:45-07:00,굿ㄱ ㅅ,좋네예,5
2018-11-15T02:22:44-07:00,ㅋㅋ,ㅋㅋ,5
2018-11-14T19:06:42-07:00,꿀잼,존잼!!!,5
2018-11-14T10:40:51-07:00,ㅠㅠ,남들은 다들 카드랑 잘만 나오는데 왜 저눈 안나올까요ㅠㅠ,5
2018-11-14T07:12:09-07:00,25000원 결제했는데,25000원 고양이코인 결제했는데 코인이 안들어왔슺니다. 아이디 샵콘 입니다 확인부탁드려요,5
2018-11-13T22:31:17-07:00,어이가없네요,잘하고잇엇는데 갑자기 2031년까지 차단당햇다나오고 문의넣어봐도 답장도 안오네요;,1
2018-11-13T08:37:25-07:00,ㅜㅜ,굳굳,5
2018-11-13T06:07:46-07:00,리뷰,전정말 태어나서 리뷰를 써본적이없는데 이게임 정말로 갓겜입니다 무조건하세요 진짜 코튬도 이쁘고 플레이도 부드럽고 인생겜입니다 정말,5
2018-11-12T03:52:47-07:00,심심풀이땅콩으로 최고,재밌어요 아기자기하고,5
2018-11-09T08:10:28-07:00,재밌어요,버그만 고쳐주세요 ㅠㅠ,5
2018-11-08T12:28:46-07:00,개쓰레기 게임,"나온지가 언젠데 아직까지 최적화 못 시켰냐?
시킬 마음이 없는거지.  ㅅㅂ 퉷",1
2018-11-08T05:37:22-07:00,용량 무엇...?,애증의 라그 버릴수없는̆̈ 추억의 라그 망하지않길바라지만 이거 용량이 너무 무시무시 하잖아요...... ㅜㅜ그리고 관람차는̆̈ 왜째서 남녀만 탈수있쒀!!!!! 너무하다구여 ㅋㅋ,5
2018-11-08T00:22:47-07:00,내인생돌려내,짬날때현실사세요,5
2018-11-07T17:19:54-07:00,재밋지만 거래시스템이 아쉽다,재밋다 하지만 거래시스템이 너무 극암이다,5
2018-11-05T08:06:47-07:00,개꿀잼,"유일하게 하고있는 게임
남친이랑 같이해서 더 꿀잼",5
2018-11-05T02:35:12-07:00,ㄲㅈ,꿀잼,5
2018-11-03T18:11:06-07:00,ㄹㄹㄹ,ㄴㅇㅇ,5
2018-11-01T01:40:40-07:00,굿,굿긋굿 굿 구걸거서,5
2018-10-30T14:45:11-07:00,굿,굿,5
2018-10-28T04:55:18-07:00,굿,잼써요,5
2018-10-27T04:20:32-07:00,꿀잼,꿀잼,5
2018-10-26T09:28:47-07:00,아이패드 튕김,"로그인 후 캐릭터 접속이 안되고 로딩중에 튕기네요.
버전은 10.3.1
핸드폰만 되는건가요?",1
2018-10-23T22:13:15-07:00,재밌5요,ㅎㅎ,5
2018-10-20T20:41:16-07:00,ㄲㄲ,잘만들었음zz,5
2018-10-19T08:08:21-07:00,퀘스트 버그하나 수정할시간도 없나봄,"쌍둥이별 퀘스트 진행않됨
어떻게 안되는지는 니들이알아보고 수정해야지
숟가락으로 밥떠먹여줄까?",1
2018-10-18T17:17:50-07:00,PC라그도 그립네,예전에 했던 추억이 그립네여,5
2018-10-16T10:27:13-07:00,하아,"재밋긴한데
존나팅기네요ㅡㅡ",1
2018-10-16T04:42:25-07:00,지랄로 회원가입도안되면서,"뭐하자고;;???
아이폰 가입은안되고 게스트게임만하라고???",2
2018-10-15T15:16:22-07:00,굴잼,꿀잼이에요,5
2018-10-14T05:52:08-07:00,재밋네여,일일차 재밋습니다,5
2018-10-14T00:22:19-07:00,아이폰x플레이 안됨,아예 화면이너무 짤려서들어가지도 못하네요,1
2018-10-13T03:52:00-07:00,과금없으면서 하지말것,지갑전사만이 살아남는다,1
2018-10-12T09:11:48-07:00,꼭 보라고 별5개 줍니다.,망겜입니다. 버그는 넘치고 불법프로그램도 넘치는데 별다른 공지나 수정이 없습니다.,5
2018-10-11T14:30:07-07:00,옛생각나고 좋네요,옛생각나고 좋네요 잘운영하시길,5
2018-10-05T08:02:50-07:00,그래픽이 좋은것도 아닌데 용량이 쌉오져서 못하겠음,무슨 5기가가 넘어가네,1
2018-09-28T04:12:52-07:00,Can not to play,Game closed?,1
2018-09-25T00:56:39-07:00,창화면 이상하게 나와요,아이폰 6 쓰는데 창화면 이상하게 나와요 버그 수정 해주세요,1
2018-09-20T08:39:24-07:00,갓,잼난다,5
2018-09-19T18:29:48-07:00,아주 좋아연,아 긔부니 아너무나좋아연 아커먼커먼커먼 쉐키럽 아 긔부니 아너무나 아둏아둏아둏아연,5
2018-09-17T06:08:22-07:00,꿀잼,꿀잼,5
2018-09-15T03:11:11-07:00,빠른조치좀요,"거래소에 아이템 3개 약 600만제니 정도 올렸는데
아이템창에서도 사라지고 거래소에도 없고 어찌된건지요?? 아침까지만해도 있었는데 황당하네요; 
버그도 아니고 순식간에 아이템이 사라지는게 말이됩니까? 약 11만원정도인데 이게 순식간에 사라지면 정말 어안이 벙벙하네요 ;; 조치해주시죠",1
2018-09-15T00:45:58-07:00,가면갈수록 대충 운영하는느낌,"패치만하면 렉 버그 
4.0때 패치하고 무탑 타워로프건 버그걸려서 백섭하고 뭐 이건 그렇다치지만 그다음 얼마전 채팅렉 채팅창만 누르면 버벅거리면서 멈춤 현상 그것도 고치는데 오래걸렸고 오늘은 서버렉 오늘이 2018.09.15 내가 기억하는것만 3-4갠데 앞으로는 더 얼마나 렉이있을까 추억기억나게해주고 해서 좋았지만 문제점이 너무 많아지고만 있는 게임 악플을 달려는게 아니라 오픈부터 해온 유저로서 하는 말임.. 지금 하려는 사람들 왠만함 하지마요...",1
2018-09-13T07:29:12-07:00,데이터로 다운좀 받울수있게,앱자체 용량을 줄이고 앱들어가서의 업뎃 용량을 늘려주세요 데이터밖에 못쓰는데 다운도못받고 이게뭐람..ㅠㅠ,2
2018-09-11T09:44:46-07:00,앱삭제점해주세여ㅠㅠ용량이,ㅜㅜ,3
2018-09-09T14:53:36-07:00,버그수정좀 ㅠㅠ,처음들어갈때화면깨지고 거래소에서 찾기하면화면이안없어져요 다시들어가야해서불편하고 찾기도안되요,1
2018-09-07T23:00:11-07:00,개꿀재 요즘 빠져산다,넘 잼나용,5
2018-09-07T07:45:19-07:00,알오샵에서 구매했는데 고양이 코인 안들어와요,"알오샵 10.99달러 한화 12000원 결재됐다고 문자는 오는데 우편이 안오네요~재접해도 글쿠요
확인후 조치 부탁드립니다",5
2018-09-04T23:03:55-07:00,쌍둥이별 할 퀘만하면 멈쳐요,쌍둥이별 할 퀘만하면 멈쳐요 패치해줘요 퀘를 깨지말라는건가요?,5
2018-09-03T04:35:00-07:00,버그제보,"쌍둥이별 할 NPC에 어둠의 별 퀘스트 진행이 안됩니다
단말기는 6s구요. 이 NPC를 누르면 화면 확대된 상태로 게임이 멈춰버립니다",5
2018-09-02T02:52:26-07:00,아니 무슨 어플이....,"아니 겜은 정말 옛날 라그 하던 생각때문에 잼있는데
어플이 겜만 실행시키면 전화도 안되고 종료하면 핸드폰을 껐다 다시 켜야 정상으로 돌아오냐고.",1
2018-09-01T10:00:20-07:00,욷,굳,5
2018-08-30T05:27:45-07:00,캔디크러쉬 이후 젤 오래 한 게임,"중독성 게임 아닌데도 안질리고 계속 하게 됨
캐릭은 옛날 생각나게 생겼는데 현질 요소가 들어가서 그런지 외양도 바꿀 수 있고 마비노기 따라한건지 요리해서 먹는 기능도 있어서 아기자기하니 재밌음
다만 업뎃된 후에 버그가 은근 많아서 현질하면서 하는 사람들은 현타옴
마비노기m 나오면 버릴 계획이지만 그게 언제 나올지 모르므로 일단 계속 할 게임임",3
2018-08-30T03:37:25-07:00,6개월째 플레잉중,"보통 게임 길어봤자 1달이상 못가는 전데, 이건 정말 재밌습니다. 최고의 모바일게임이고 무엇하나 빠질게없네요. 좋은 길드 들어가서 친목도다지고 재밌게놀고있습니다 ㅠ 시간순삭..",5
2018-08-30T02:48:13-07:00,설치가 안되자나,이번엄데이트ㅡ이후 설치 안데서 삭제하고 다시 하려는드안ㄷ자나,5
2018-08-30T00:48:11-07:00,최고의게임,현질유도한다머시기하지만 현질없이 어택 삼천넘구요 충분히 무자본으러 즐길거리 다즐길만합니다 재밋어용,5
2018-08-30T00:28:41-07:00,업데이트가 되질않아요....,사진첨부하고싶은데...,1
2018-08-29T23:32:39-07:00,가즈아,"호계촌놈도 한다
폰게임중에 왕이로소이다",5
2018-08-29T23:04:54-07:00,업데이트하고 튕김,ㅠㅠ업데이트 하고 튕겨서 다시 까네요ㅠ,3
2018-08-29T21:36:07-07:00,시간가는줄 모르겠습니다,너무너무 스토리도재미있고 알면알수록 재밌네요!!,5
2018-08-29T21:06:31-07:00,Pc따라 m달고 나온 게임중 제일 재밌어요,"시작하시는분들 스승, 길드 먼저 찾으세요 

훨씬 재밌고 수월하게 즐길 수 있습니다",5
2018-08-29T20:05:37-07:00,싸와디캅,코쿤캅,5
2018-08-29T19:54:49-07:00,허허허,점점 퀘스트가 숙제처럼 일과가 되어버린 겜 ㅎㅎ 추천합니다,5
2018-08-29T03:42:19-07:00,안녕하세요 ro포인트 혹시 환불 가능할까요?,Ro point 600 +600 충전하고 75포인트 썼는데 환불 가능 할까요??,5
2018-08-26T00:18:28-07:00,사운드 좀…,"게임은 좋은데 라디오앱으로 음악들으며 게임을 할 수가 없네요. 
게임 사운드를 줄이면 들리긴하는데 라디오 소리가 훅 줄어듭니다. 
게임은 아기자기해서 재미나네요.",4
2018-08-22T04:58:59-07:00,코인이 안들어와요,고양이코인 30개 결제는 했는데 코인이 안들어옵니다. 받는 방법이 따로 있는건가요 아님 게임 오류인가요,1
2018-08-21T13:34:16-07:00,잼,잼,5
2018-08-18T06:46:29-07:00,대박이다,좋은게임 감사합니다 사랑합니다 여러분 모두 해피 화이트데이,5
2018-08-17T23:27:13-07:00,재밋어용용ㅇ,ㅎㅎㅎㅎㅎ,5
2018-08-13T22:28:02-07:00,좋아요,"가볍게 하기좋아요
현 유도도 많지않고",4
2018-08-13T05:50:00-07:00,설치,"제 폰 용량이 37기가나 남아 있음에도 
다운받고 실행시키면 설치 공간이 2.8기가 필요하다고 확보하고 다시 실행하라고 하는데 도대체 얼마나 더 확보 해야 설치가 가능한건가요.... ㅠㅠ 이런 경우는 어떻게 해야하나요....?",5
2018-08-11T20:23:32-07:00,연결 끊김현상,왜 자꾸 연결이 끊기는거죠? 친구랑 같이하는데 저때문에 파티할때 피해보잖아요 계속 계정 연동해야하고 불편하네요 개선해주세요,2
2018-08-09T05:37:09-07:00,왠만한 피씨겜보다 재밌어요,왠만한 피씨겜보다 재밌어요,5
2018-08-08T20:51:07-07:00,고양이코인 주문 안들어오네요,GPA.3370-5659-4299-06172 주문번호입니다,1
2018-08-07T17:44:44-07:00,재밌어요~~~,간단하고 좋네요 하기편해서 ㅎㅎㅎ,5
2018-08-06T08:57:26-07:00,버그좀 해결하세요,경매장 찾기버튼 눌러지지도 않고 끄면 계속 중앙에 나타나있고 불편해 죽겠네,1
2018-07-30T19:45:17-07:00,너무잘하고잇는데,"이거 왜 의뢰게시판 퀘 갱신이 안바껴여?
남친이랑 똑가티 햇는데 저만 10/10이라고 하루더기달리라고하고... 의뢰판은 업뎃됫는데ㅜ",5
2018-07-27T14:38:52-07:00,굳,옛생각나는  추억게임,5
2018-07-26T03:26:17-07:00,굿,ㄲㄲㄲㄱ,5
2018-07-24T04:24:17-07:00,굿입니다,굿이에요,5
2018-07-24T02:28:32-07:00,호랑이,몬스터가너무쎄서피가언다그리고나돈45조있습ㅋㅋㅋㅋㅋㅋㅋ,5
2018-07-23T05:25:57-07:00,재밌어요,꿀잼입니다 할수록잼남,5
2018-07-22T14:55:42-07:00,점점빠져든다,점점빠져든다,5
2018-07-22T03:38:49-07:00,ㅇㅇ,졸잼,5
2018-07-22T03:10:44-07:00,헿,"크 옛 추억에 시작했는데 
솔직하게 pc라그보다 더 재밋고 좋네요 
좋습니다",5
2018-07-21T23:07:18-07:00,저기,언어변경가능 해요??,5
2018-07-20T19:23:46-07:00,Iphone 5 and Iphone 5s not supported,"Plz fix bug on IPhone 5,IPhone 5s can't to enter in game",1
2018-07-18T20:59:58-07:00,나름,지금까진 나름 할만합니다^^,5
2018-07-17T14:48:17-07:00,굿굿,재밋어여,5
2018-07-16T16:35:36-07:00,완전 재밌음,해보면 알아요,5
2018-07-16T06:18:49-07:00,용량이 4.5G인디요,"용량이 너무 크네요
다운사이징 안하나요??",4
2018-07-15T15:12:08-07:00,재밌네요,추억 돋구 할맨헤요,4
2018-07-15T00:48:53-07:00,너무재밋어여,"사냥터에 사람좀만빠지면할만함
채널좀늘려줘여",4
2018-07-14T19:12:05-07:00,용량,아니 재밌게 게임하다가 업데이트 할려니 안되서 지웠다 다시 깔았거든요? 빈공간 3.5G정도 있는데 자꾸 저장공간 2.8이상 확보하라고 나오네요 갑갑..,4
2018-07-14T08:37:28-07:00,왤케안깔려,왤케안ㅋ갈려 시발,1
2018-07-13T11:47:21-07:00,1:1상담 글 보내면,"자동응답만 하지말고 실제적인 해결을 해주라
2주째 답 없으면 난 그냥 접고 꺼지라는거냐???
계정내 존재하는 케릭들이 전부 사라졋는데
나보고 어쩌라고... 복구를 해주든
꺼지든 하라고 해결책을 내놓고 답 달라고..!!!!",5
2018-07-11T08:13:33-07:00,개쓰레기게임 시작도마세요,"현질절대하지마세요 절대 환불안됩니다

몇백을 해도 안해줍니다

악용한방법으로 캐릭이 강해져도 영구조취도안함

개쓰레기게임임",1
2018-07-10T14:02:10-07:00,굳,하하 잼써여,5
2018-07-10T01:27:15-07:00,굿ㄱ ㅅㄱ 국수,웃,5
2018-07-09T00:03:31-07:00,과금결제 최소 부탁드립니다,"이제는 못하겠습니다 
환불 해주시고 계정을 가져가시던지 
씹어드시던지 팔아 잡수시던지 
너님들이 다하시면 될거 같습니다
60~70 정도 됩니다 환불 신청 합니다",5
2018-07-08T23:13:49-07:00,게펜에마법진에소란이발생했다고 접속이안되는데뭐죠이건,..,3
2018-07-07T19:05:41-07:00,pc버전 그래픽과 같았다면...,더 추억팔이되고 좋고 애착이 갈텐데 3d케릭터라 쪼큼 어색하긴한데 그래도 할만은한듯,4
2018-07-07T19:04:52-07:00,재미있어요,재미있어요,5
2018-07-07T01:13:37-07:00,잼네요 잘만듬,잘만든거같아요,5
2018-07-07T00:15:23-07:00,재미있어요,재미있어요,5
2018-07-06T19:56:22-07:00,그럭저럭,그럭저럭,4
2018-07-06T03:58:53-07:00,졸탱잼,너무 재밌어서 요즘 이거만 하고있어요,5
2018-07-06T03:40:32-07:00,오늘 다운 힘들게 다 받았는데 계속 튕김,"아이폰 6쓰고있는 군인 인데요 
힘들게 다운받고 열심히 해야지 했는데  
로그인하고 캐릭터 들어가면 계속 튕겨요 캐릭터를 움직여 보지도 못하고 계속 튕기네요 어떻게좀 해주세요",1
2018-07-04T02:02:11-07:00,다운이 느리네요,원례다윤되다가. 멈추나요???2시간째 그대로네요...,1
2018-07-03T07:26:59-07:00,너무오래걸림,다운받고 20칸 기다리는데 2칸 넘느려요,1
2018-07-02T11:25:57-07:00,모험가스킬칸,모험가스킬칸1을 160000주고샀는게 도대체 어느부분이 바뀐거죠? 어느칸이 늘어난거죠?????,1
2018-06-30T19:54:31-07:00,꾸르잼 ㅋㅋ,나름 재밌네요 아기자기한게 ㅋㅋ,5
2018-06-28T20:20:43-07:00,굿,재미져요,5
2018-06-28T17:23:40-07:00,한정트가,이거 패치한건 알고있었는데 400분이아니라 300분당일 그러려니생각했는데 20몇일남아있던거 사라지는건 무슨일입니까 ㅡㅡ,1
2018-06-27T16:18:13-07:00,최고의게임,너뮤 잼나고 추억돋아요 강추 고고,5
2018-06-27T05:04:09-07:00,추억의 라그,추억의 라그를 모바일로 즐기는 감동 그대로 복원한게 아니라 업데이트 된 컨텐츠에 감동 하지만 아이폰6로는 돌릴수가 없지...,3
2018-06-25T23:55:02-07:00,어어어엄청 렉,아이폰이라서 그런 것 같기도 한데 그래도 너무 렉이 많이 걸려요 이것만 해결 해 주신다면 별 5개도 충분히 드릴 수 있을것 같습니다!,3
2018-06-25T21:26:01-07:00,할만합다,옛날생각나여,5
2018-06-25T01:24:02-07:00,라그나로크m,여친때문에 하게됐는데 아직까진 재미있내요!,4
2018-06-24T19:39:31-07:00,재미집니다,재미져요,5
2018-06-22T12:49:12-07:00,ㅇ,굿,5
2018-06-21T15:50:23-07:00,어둠날개주세요,과금   ㅠㅠ,5
2018-06-20T17:15:20-07:00,ㅎㅎㅎㅎㅎㅎㅎ,ㅎㅎㅎㅎㅎㅎㅎ,5
2018-06-20T15:46:18-07:00,G,👍🏽good,5
2018-06-19T09:31:57-07:00,왜케 튕김?,아니 업뎃한 이후로 겜이 왜케 튕김? 아이패드 5세대 9.7인데 좀 바꾸자 빡쳐서 자사를 못하네,1
2018-06-18T23:40:07-07:00,밸런스,직업 간 밸런스좀 맞춰주세요,2
2018-06-18T11:08:01-07:00,뭔게임이,와이파이 안켜고 패치파일 다받는데 4시간이야 ㅋㅋㅋ 쳐돌앗네,1
2018-06-17T09:19:29-07:00,에러코드407이라고 뜨는ㄷ ㅔ 뭐에요?,에러코드 407 이라고 뜨는데 해결을 못하겟어요 뭐죠?,1
2018-06-16T08:15:49-07:00,최적화 개 씹망,서버 늘리고 최적화 해달라고 그렇게 얘기하는데도 벽창호... 더러워서안한다 게임이 좋으면 뭐해 더럽게 끊기는데,1
2018-06-15T21:12:54-07:00,캐쉬충전했는데 캐쉬코인안들어옴,계정명 : 럼지척,1
2018-06-11T05:17:53-07:00,최고의 게임,장사질만 좀 덜 했으면 좋겠네요~,5
2018-06-10T15:42:25-07:00,꿀재,ㅇㅇ,5
2018-06-10T07:50:50-07:00,팅겨요,"아이패드로 하는데 왜 이렇게 팅기나요..
업뎃 기다립니다 ㅜㅜ",1
2018-06-10T00:00:49-07:00,할만하다,그냥 할만하다,5
2018-06-09T19:58:23-07:00,삭제해주세요,삭제부탁드려요,2
2018-06-09T04:17:13-07:00,굳,재밋음zzzz,5
2018-06-08T23:44:32-07:00,저..저기요...,제가 본케로 코인충전한다는걸 까먹고 부케에다가 충전했어요 ㅠㅠ 환불 잘 해주시면 본케로 예전처럼 욜심히 충전할께요 ㅠㅜ 아이디는 Elmo입니다 ㅠ,5
2018-06-08T20:50:42-07:00,굿,굿,5
2018-06-08T14:34:45-07:00,ㅎㅊㄹㄹㄹ,ㅎㅎㅎㅎ,5
2018-06-07T21:14:36-07:00,자꾸 튕겨요 ㅠㅠ,"아이폰 8plus유저입니다
맵으로 이동중이거나 
혹은 새로운 npc를 만나 퀘스트를 하려고 하면
자꾸 튕기고 게임이 꺼져버려요
개선해주세요",5
2018-06-07T09:35:01-07:00,잼남,잼남,5
2018-06-06T19:31:28-07:00,존잼,"하루 이틀만하고 접으려고했는데
어쩌다보니 지금까지 근세달을 하고 있네요 ㅎㅎ
길드내 채팅과 귓말,
파티짜서 균열 훈련소 파멸 무탑 공성 등등
각자의 포지션 잡고 5인 1조가 되니
이보다 더 친한 실친도 없지 싶어요 ㅋㅋㅋ

좋은 길드 좋은 사람 만나서 재미나게 게임하세요

존 잼 입 니 다",5
2018-06-05T13:30:22-07:00,재미지다,재밌음   해보세요,5
2018-06-04T21:40:37-07:00,버그인거같아요,sp30%이하되면 자동회복이 되야하는데 안되네요.. 게임 껏다가 켜도 똑같아요,5
2018-06-03T04:29:57-07:00,굿굿,굿굿,5
2018-06-02T07:25:44-07:00,갓겜 이보다더,있을수가 있을까요 비라만 보는 게임이 아닙니다,5
2018-06-01T04:19:08-07:00,오프닝곡에서 한참을 듣게되는..,옛날 생각나서 오프닝곡 듣다가 멍해짐 ㅋㅋ,5
2018-05-31T20:28:48-07:00,게임을 하라는 건지 말라는건지,"파일 다운로드가 빠른것도 아닌데
기다리고 기다리다 잠시 톡 보고 오면
다시 1%로 시작 60%대 까지 억지로 참았드만
게임 하라는 건지 말라는건지^^
시작도 하기전에 개 빡침",1
2018-05-30T03:22:41-07:00,잼남,왕잼남남남 ㅋㅋㅋㅋㅋ,5
2018-05-30T00:50:48-07:00,좋아요,좋아요,5
2018-05-27T18:38:05-07:00,아주 재밌네요 *^_^*,라그나로크를 그대로 재현해서 더 좋아요 *^_^* 재밌게 할게요!,5
2018-05-25T16:03:37-07:00,존잼,꿀잼,5
2018-05-24T22:16:32-07:00,ㅏ,ㄴㅋㅏ,5
2018-05-24T22:04:35-07:00,ㄱ,ㄱ,5
2018-05-24T15:34:13-07:00,최고,최고💕,5
2018-05-24T04:52:37-07:00,E등급 모험퀘중 버그,묘르닐 열한시 방향 로사달이 나뭇잎 두개 가져가고 다음 프론테라 편지 전달하는 퀘  안줌 ㅠ 개망,1
2018-05-23T10:34:34-07:00,굿,굿,5
2018-05-23T06:24:20-07:00,좋아요,"정말 좋아요 
ㅌㅗ로ㅓㅠㅓㅏㅝㅏㅝㅏ",5
2018-05-21T11:01:57-07:00,재밋음,재밋다,5
2018-05-19T18:06:15-07:00,오토충들은 못하는 게임,터치 한번이면 퀘스트위치까지 이동시켜주고 한번 더 터치하면 퀘스트 완료까지 사냥을 알아서 해주는 그런 양산형 저급 롤플레잉게임에 익숙한 분들은 못하는 게임. PC게임처럼 스스로 해내는 재미에 하는 게임입니다. 오토돌려놓고 롤이나 배그 할 수 있는 게임 아니니까 이런 면가지고 평점 깎지마세요. 개인적으로 오토돌리고 딴짓할거면 도대체 게임의 목적이 뭔지 모르겠음..,5
2018-05-19T17:39:45-07:00,라그나로크m 잘만든 게임,게임을 한동안 안했었는데 재미있네요,5
2018-05-18T04:37:17-07:00,아이폰으로 구글기프티콘 사서했는대,이거어떻게하는거에요 열받아서 못하겠내 어떻게하란거에요 환불은어떻게받는대요!,1
2018-05-17T20:12:17-07:00,렉 튕김,피로도가 이틀연속 안찬다....????????뭐죠??,2
2018-05-17T09:54:41-07:00,ㅎ,ㅗㅗ ㅎ혀ㅎ,5
2018-05-17T08:20:08-07:00,patch problem,😭😭😭😭😭,5
2018-05-16T17:49:04-07:00,최고의 모바일 게임이다.,원작을 잘 살리면서도 모바일에 맞춰서 원작보다 더 잘 만든 느낌. 다만 아쉬운 점은 자유 시점이 안된다는건데 카메라 살리려고 그런듯. 암튼 요즘 게임 중엔 원탑으로 꼽는다. 그래픽만 화려한 다른 게임들보다 훨씬 재미있음.,5
2018-05-16T05:43:36-07:00,잼나,옛날생각,5
2018-05-15T17:24:40-07:00,라그 꿀잼,진짜꼭해보세요,5
2018-05-15T04:43:51-07:00,아이폰6 사용자는 웁니다,"끊김현상이 너무 심해요ㅠㅠ
최적화를 기대해 봅니다 흑",5
2018-05-14T06:36:47-07:00,굿,굿,5
2018-05-13T22:31:04-07:00,좋은데요,생각 이상이네요,5
2018-05-13T09:23:21-07:00,지림,개굿,5
2018-05-13T02:38:09-07:00,잼있음,추억,5
2018-05-12T23:51:08-07:00,잼있어요,ㅎㅎ,5
2018-05-12T22:52:18-07:00,재밋,굿굿,5
2018-05-12T18:47:02-07:00,ㄱㅇㄷ,ㄱㅇㄷ,5
2018-05-12T08:18:12-07:00,"신과금의 세상을 접하실거임. 카드,제련,기도,룬등 과금요소가 다분. 세상혼자사는사람있듯이 게임 혼자하겠다하면 말리진않겠음",제목이곧내용,1
2018-05-11T05:46:33-07:00,ㅎㅎ,재미남,5
2018-05-11T03:06:34-07:00,잼씀,ㅇㅇ,5
2018-05-10T08:10:41-07:00,캐릭터변경좀 되게 해주세요...ㅡㅡ,부캐 들어가려면 무슨 나갔다가 로딩 다 기다리고 시간이 넘 아깝네요.. 기능 있는것처럼 만들어놓고 ..빠른 시일내에 이런 서비스 해주시면 더욱 재밌게 할 수 있을것 같네요,3
2018-05-10T07:22:20-07:00,프레임좀 죽일수 있게 들어가기전에 설정좀,"검은사막처럼 들어가기전에 설정좀 잡게
만듭시다 그리고 프레임좀 잡을수있게 부탁드립니다 
이거 약도 무지달고 폰이 폭발할라그러네",5
2018-05-08T15:49:36-07:00,ㅎㅎ,재미납니다,5
2018-05-08T07:58:58-07:00,좋아요,잼써요 ㅋ,5
2018-05-07T10:36:06-07:00,굿겜,귯겜,5
2018-05-06T15:15:34-07:00,ㅎㅎ,ㅎㅎ,5
2018-05-06T10:33:49-07:00,오랜만에 최고의 모바일게임 만낫네요,어렸을때부터 열심히하던 라그나로크가 모바일로나와서 너무 기쁘고 그냥 추억팔이일줄알았는데 진짜재밌습니다,5
2018-05-06T08:39:47-07:00,ㄱㄷㄴㅁㅇㄹ,ㄲㅇㄴㄴㅌㄹ,5
2018-05-06T06:45:04-07:00,굿~!!!,한번해봐요 굿,5
2018-05-05T16:18:11-07:00,중독,재밌습니다,5
2018-05-05T12:33:30-07:00,냐항,굳,5
2018-05-04T20:02:47-07:00,재밌는데 너무...,툭하면 접속이안되네요 ㅠㅠㅠ 재밌게하는 중이었는데 처음화면에서 접속이안되서 며칠안되다보니 거의 이주동안 안하다가 다시 하려하는데 또안됩니다 ㅠㅠ,4
2018-05-04T10:29:42-07:00,재미는있지만..,"아이폰6유저는 웁니다 ㅠ 

가만있어도 튕기고 .. 사람들많던적던 렉걸리고.. ㅠ 파티 무서워서 못하겠..",3
2018-05-03T07:46:08-07:00,아이폰7 다운 오류,왜 다운이 안되나요,1
2018-05-03T05:11:10-07:00,재미가좋음,배미재미재ㅣ재ㅣ,5
2018-05-03T04:49:32-07:00,굿잡,꿀잼 굿잼,5
2018-05-02T22:53:01-07:00,한국회사들 보고 배워야한다.,모바일겜이 이정도로 구현가능한걸보니 울나라 모바일겜이 해외에서 개죽쓰는 이유를 알았네 우물안에 개구리였음 아무생각없이 자사 2주돌리다가 접은 사람들 많을거다. 사실 머리나쁨 라그m은 비추다 걍 24시간 몹쳐잡고 캐쉬뽑기하는 겜하세요.,5
2018-05-02T18:45:12-07:00,굿,개잼,5
2018-05-02T07:26:33-07:00,너무팅겨요,"재밌게잘하고 있었는데요
평소에도 잘 팅기는 편이긴 한데 어차피 그위치 그대로이니까 큰 상관없는데
전직시험 보는데 자꾸튕겨서 계속 초기화예여ㅡㅡ 사람가지고 장난치는것도 아니고 왜 이따구인지 좀 끝나가나 싶으면 다시 끊겨서 마을로 돌아와있고 너무 짜증나네요 게임하면서 이렇게 짜증나게 구는건첨이예요 혹시 전직이 안되는데 이러는건지ㅡㅡ",2
2018-05-01T06:39:04-07:00,"확률이 너무 극악,,,",짜증나서 안함~ 굿바이,1
2018-05-01T06:05:09-07:00,인생게임,정말 양산형 RPG게임에 질려버려서 폰게임 쳐다도 안보고있다 우연히 시작하게 됐는데 말그대로 갓겜 입니다 초반진입장벽은 어려울수있으나 하다보면 익숙해지고 정말재미있습니다 리뷰도 처음남겨보네요 인생갓겜 라그M 흥해라!!,5
2018-05-01T02:29:05-07:00,서버최신버전을 언제까지...,이거 여기다 글 남겨도 개선할 생각을 안하네. 원래 구라비티 대응이 이런건 알고 있다만.. 역시나 명불허전... 지우고 다시 깔으라는 공지라도 남기든가... 업뎃도 그지같이 시간걸려서 하기도 귀찮고... 한달 과금해서 추억팔이 한걸로 만족해야 할듯...,1
2018-04-30T23:16:14-07:00,즐거운가족게임,가족과 길드 즐기고 있어요,5
2018-04-30T14:57:57-07:00,뭔가 이상한데 확인좀해주요,안드로이드랑 아이폰이랑 버전이달라서그런가 안드로이드에선 보이던 캐릭터가아이폰으로 로그인하면 캐릭이 없어서 신규생성이라고만들어저이던거같은데ㅠ,5
2018-04-30T14:10:29-07:00,재밌음 옛추억 새록새록,17년전 라그 처음할 때 그 느낌 그대로임,5
2018-04-30T07:31:20-07:00,구매했는데 왜 없죠???,"한정특전 8달러짜리 구매했는데 돈은 지불되었는데 아이템이 없네요....
 머하자는 건지요?? 확인부탁바랍니다

아이디 다뿌신다 입니다",1
2018-04-30T05:42:38-07:00,재밋어요,재밋어요,5
2018-04-30T04:13:16-07:00,결제 문의,렉인지 뭔지는 잘모르겠는데 결제완료 문자는 왔는데 충전이 안되있네요,4
2018-04-30T03:20:45-07:00,코인미지급,앱스토어 57500원결제 미지급 문의드려요,2
2018-04-30T00:32:52-07:00,ㅅㅅ,ㅅㅌㅊ,5
2018-04-29T07:13:57-07:00,짱잼!!,옛날 생각 나고 완전 재밌어여!,5
2018-04-29T06:02:14-07:00,라그나,굿니에요^^,5
2018-04-29T00:24:50-07:00,꿀잼,넘 재밌어요 ㅋㅋ,5
2018-04-28T22:14:11-07:00,어쩔거에요? 하...큰일입니다,"남편 추천으로 게임시작했는데 
우리 부부 밤새 게임하느라 다크장난아니에요 책임지세요",5
2018-04-28T18:02:41-07:00,제발 포링 한마리라도 잡아보고싶다,"검사도 문제없이 돌아가는데..

포링 한 마리라도 잡아보고싶네요...

최적화는 아직 인가봐요
ㅠㅠ",5
2018-04-28T08:00:13-07:00,재밋음,재밌음,4
2018-04-28T02:47:35-07:00,아이폰 6인데,게임 할려고 들어가면 최신 서버를 확인한다면서 무한 루팅만 되네요..,5
2018-04-27T20:03:25-07:00,아이폰6+ 는 겜 계속 팅김.,겜 진행이 안되니 아이폰6+은 겜하지 말길. 열폭함.,1
2018-04-27T06:53:06-07:00,이만한 모바일겜 더 있나요? ㅋㅋㅋ,"볼륨이 장난아닌데 ㅋㅋㅋㅋ
웬만한 pc겜 저리가라인듯
할수록 게임이 진짜 섬세하고 잘만들어져있어서 감탄하게됨",5
2018-04-27T06:39:36-07:00,아이폰6팅김,아이폰 6쓰는데 왜이렇게 팅기죠???다들 그래요?,5
2018-04-27T04:48:34-07:00,구매 삭제해주세요,부탁드립니다,5
2018-04-26T16:58:52-07:00,너무재밋음...,평생할거같네요;;,5
2018-04-26T10:22:00-07:00,추억의 게임 재미있네요,예전에 했던 유저로서 좋네요,5
2018-04-26T02:13:58-07:00,아이패드 미니로 하려는데,너무 튕기네요 ㅠㅠ 삼성 탭으로는 할만 하던데 ㅠ 미니로 하려면 자꾸 이야기네요 너무해 ㅠㅠㅠㅠ,1
2018-04-26T00:38:55-07:00,아이패드엄청끊깁니다.,"업뎃하고나서 횟수가 더잦아짐. 5분 하면끊기고 챙기고....버벅버벅
겜던지고싶네요",1
2018-04-26T00:38:51-07:00,라그나로크m 캐릭터 좀 움직이라고!!!!,게임 자체에 렉이 잇는지. 움직임이 없냐고 ㄷ ㄷ ㄷ,1
2018-04-25T22:58:53-07:00,완전 개꿀,ㅋㅋㅋㅋ,5
2018-04-25T21:05:18-07:00,리니지하다가 넘어왔는데,리니지와는 다르게 그래픽도 좋고 아기자기한 맛도 있고 과금 유도하는것도 없고 무과금 혹은 2-3만원의 소과금으로도 즐겁게 즐길수 있는 아주 좋은 게임임 ㅠㅠ 간만에 좋은 게임 만나서 하고 있어서 신남! ㅋㄷㅋㄷ 시간가는지 모름.... 회사갈때 피곤할 수 있음...,5
2018-04-25T14:00:53-07:00,재미인ㅅ다,재미난닼ㅋㅋㅋㅋㅋ,5
2018-04-25T09:45:29-07:00,"아,이것은 갓겜이다!","그렇게 정의할 수 있겠습니다.
이것저것 연구할것이 (엄청) 많고
무작정 죽어라 레벨업만 해야하는 그런 단순한 것이 아니란 말입니다. 
그래서 어렵다고 생각할 수 있겠는데,쉬우면 재미 없잖아요?",5
2018-04-25T08:37:41-07:00,게임을 할수가 없어요,게임을 하고싶어도 로딩하면 바로 꺼지고 몇십번을 해도 안들어가지네요;; 아이폰6인데 다른게임은 잘 돌아가는데 뭘 어떻게 하란건지 모르겠네요..,1
2018-04-25T03:40:51-07:00,Rent,Ffff,5
2018-04-25T01:03:22-07:00,접속 안됨,"짜증남... 

환불 받고싶은데 우째야하지ㅡㅡ",1
2018-04-24T10:38:25-07:00,업데이트이후..,최신버전 확인중 창 뜨며 접속이 안되서 고민..,1
2018-04-24T08:19:45-07:00,ㅠㅠ,"구매목록 삭제해주세요 
느려져서미치겠어요",1
2018-04-24T07:01:04-07:00,극도로 불친절하고 유저와 소통도 안함,"게임은 재밌게 하고 있지만 온갖 버그와(특히 앨범) 편의성을 개무시한 시스템. 형평성은 개나 줘버린 pvp같은것 때문에 짜증난다. 무엇보다 열받는건 중국 겜을 들여오는거라 운영진이 유저와 소통을 거의 안하고 건의사항은 99% 무시당한다는것. 차후 업데이트 될 중국버전에서 개선점이 있길 바랄 뿐이다.
는 이번 대규모 업데이트에서도 하나도 안고쳐졌다. 운영진은 여전히 소통하지 않는다.",2
2018-04-23T23:15:21-07:00,ㅠ실행이 저만안되나요,실행이 안되네요 와파로 하는데 메인화면에서 안넘어갑니다 ㅠㅠㅠㅠ,3
2018-04-23T21:46:03-07:00,제발 프레임좀..,"렉이 너무 심해서 플레이가 진심 힘들어요..
모바일겜보고 녹스돌려라 이런 시궁창소리 하는 플레이어들 많은데
모바일겜을 내가 왜 굳이 피씨로 녹스 돌려가면서 맞춰서 해야되는지..그럴거면 라그제로를 하지 볍씨같은것들아...",2
2018-04-23T21:36:02-07:00,매력잇어요,재밋어요 ㅋㅋ,5
2018-04-23T18:34:37-07:00,굿,걸,5
2018-04-23T17:55:12-07:00,잠나여 정말,아누안 잼나여,5
2018-04-23T15:59:48-07:00,국,국,5
2018-04-23T04:18:43-07:00,게임이안되요!,패치하고 나서 자꾸 게임접속이 아예안되구요 삭제하고 다시 다운받으려고 하니 다운도 받을수없다는대 왜그러죠?,5
2018-04-23T02:42:01-07:00,옛날생각나고 재밌네요,할만합니다,5
2018-04-22T18:12:27-07:00,로그인이 안되내요,업데이트 후 로그인이 정상적으로 이뤄지지 않내요,1
2018-04-22T12:09:44-07:00,정말 오랜만에 양심심겜인듯,오랜만에 괜찮은겜이라생각이듬,5
2018-04-22T09:04:31-07:00,업뎃 후 무한로딩...,10분동인 켜놔도 안들어가지네 ㅡㅡ,1
2018-04-22T04:28:37-07:00,왜이람,서버최신버전 다운로드가 안됨...,1
2018-04-22T03:59:31-07:00,안녕하세요 운영진님 꼭좀 봐주세요!,"다름이아니라 라그나로크m 을 즐겨하는 유저인데,
제가 이렇게 오래할줄 모르고 아이디 로그인 안하고
게스트 로그인으로 여태 했습니다.
근데 이번패치이후로 접속하면 “최신 버전으로 업데이트 하고 있습니다” 이러고 계속 로딩만 되고 접속이 안되네요. 혹시 지웠다 다시 까는 방법밖에 없나요?
지우면 게스트 아이디 로그인이라 아이디가
날라갈까봐 아직도 못하고 있습니다.
답변좀 주세요..",5
2018-04-21T20:23:50-07:00,업데이트후 접속이 안되요,아이폰6+쓰는데 업데이트후 최신버전 확인중이라고 하면 10분이 넘어도 접속이 안됩니다,1
2018-04-21T18:33:18-07:00,업데이트 후 게임이 실행이 안되네요,"업데이트 후 게임이 실행이 안되네요 해결해 주세요
계속 서버 최신 번전을 확인 중이라고만 뜨네요.
1시간 넘어도 실행이 안되네요",2
2018-04-21T17:49:49-07:00,업뎃 후 실행이 안돼 왜,아니 접속 안된다는 피드백 받았을텐데 뭐 움직임도 없고 공지도 없고 어쩌라는 거야 돈도 많이 꼬라박았구만 볼장 다 봤다 이거냐?? 떼놈들 수준,1
2018-04-21T16:24:02-07:00,업데이트 하고 최신버전 확인중에서 안넘어가요,어제 업데이트 후 30분넘게 화면에서 안넘어가요,1
2018-04-21T14:31:13-07:00,겐찮어요,게임이 손을쓰는거도 있으니까 겐찮아여,5
2018-04-21T07:20:06-07:00,왜 갑자기 접속이 안된다냐...,업댓하고 접속장애일어나네요,1
2018-04-21T05:47:25-07:00,접속 안되요,아이폰7 업데이트이후 서버확인만 주구장창하고 접속 안됩니다 해결좀해주세요 몇일째 못하고잇네,5
2018-04-21T04:38:41-07:00,업데이트,아이폰8플러스 업데이트 이후접속이 이틀째 전혀 서버접속 자체가 안되네요 종일 기다려도 최산서버접속만 뜨네요 게임을 못하고 있어요,1
2018-04-21T04:38:36-07:00,잼잼이,정말쟈,5
2018-04-21T04:02:11-07:00,ㅜ유오저저ㅜㅈ,버ㅓ너너ㅓ,5
2018-04-21T01:03:29-07:00,ㅇㅇ,짱,5
2018-04-21T00:45:48-07:00,접속불가,업데이트 후로는 접속이 안되고 있어요 ㅠㅠ 이거 어찌해야 하나요,1
2018-04-21T00:22:23-07:00,안되요,업데이트 하고 최신서버 확인하는 중만 뜨고 들어가 지질 않네요..,3
2018-04-20T21:44:13-07:00,ㅜㅜㅜㅜ,서버 최신버전 확인중이라고 하길래 기다리는데 30분이 넘도록 확인중이라네요....ㅎ 한 2주동안 안하다가 오랜만에 하려고 켰는데 30분을 아무것도 안하고 기다리게 하는건 너무하잖아요.... 최대한 빨리 고쳐주세요,3
2018-04-20T21:28:43-07:00,캐릭 여캐로 잘못만들엇는데,다시지우려니 327 시간을 기다려야하다니요...,1
2018-04-20T13:30:42-07:00,어렵지만,재미나요,5
2018-04-20T08:15:45-07:00,업데이트 후 서버 접속이 안됩니다.,"재밌게 즐기다가 엊그제부터 서버 접속이 안되서 삭제했습니다.
짧지만 즐거웠습니다. 나중에 해결될 때 즈음 다시 다운하러 찾아뵐게요~",1
2018-04-20T05:32:26-07:00,이번 업데이트 후 서버최신버전확인이라고 무한부팅중떠요ㅠㅠ,아이폰 7인데 이번 업뎃후 압축풀기까진 잘되더니 서버최신버전확인부분에서 계속 빙글빙글 돌고 암것듀 안대여ㅜㅜ,5
2018-04-20T05:15:27-07:00,오류,최신보전을 확인중입니다 이거에서 계속 안넘너가요 이번에 업데이트했는데도 빠른 확인 부탁드려요,5
2018-04-20T04:51:24-07:00,접속 불가 업데이트는 멍미?!,장난하냐?! 게임 인기좀 끈다고 배때지가 불렀지?! 돈좀 벌리니깐 개jot같이 관리하지?! 업뎃하고 접속불가가 뭐하자는 플레이냐?!,1
2018-04-20T04:29:00-07:00,??,업뎃 후 게임 접속이 아예 안되어용??,3
2018-04-20T03:55:55-07:00,업데이트이후 접속이 안됨,6s+입니다...,4
2018-04-20T02:41:24-07:00,접속문제,"업데이트한거는 알겠는데 접속이안돼요
처리좀요",3
2018-04-20T01:22:38-07:00,접속안됨,최신버전확인중에서 안넘어가요,5
2018-04-20T00:23:32-07:00,접속이 안됩니다,업데이트 후 접속이 안됩니다 ....,5
2018-04-20T00:17:24-07:00,패치가 안대요,다시 까는 중이에요 ㅠ,5
2018-04-19T23:29:30-07:00,업데이트하고나서,아예 들어가지지 않네요,1
2018-04-19T22:16:50-07:00,오류,다좋은데 이번 패치 쫌 그렇네요 펫모험 원래 그냥 보낼수있었는데 바뀐건 뭐 어차피 갈수있으니 그렇다 쳐도 지금 2마리 모험보내놨는데 어떻게 펫 호감도3을 만들라는건지요... 얼른 오류 해결해주세요 쫌 답답한 부분이 조금씩 생기네요 그래도 모바일게임중에 제일 재미있게 하고있어요 조금 씩만 개선하면 될듯,5
2018-04-19T21:25:01-07:00,업데이트하고나서 아지트가면 팅깁니다 개선좀요,렉이있고 아지트만들어가면 팅겨요 개선좀요,1
2018-04-19T21:25:00-07:00,재밋음,할만함,5
2018-04-19T20:45:07-07:00,게임안돼요,업데이트하고 나서 부터 무한 압축되서 게임이 안들어가네요,5
2018-04-19T20:18:24-07:00,아이폰에서는,"안드로이드에 더 적합한건가요?
PC게임일때도 맥에서는 구동이
안되던데 폰게임도 아이폰은 업데이트이후에 서버최신버전이 받아지지 않네요",1
2018-04-19T20:17:31-07:00,퀘스트 개선좀 해주세요 제발,"다 좋은데 정말 퀘스트 동선 난잡합니다
한번 받아진 퀘스트 취소도 못하고 퀘스트 목록 보기도 너무 힘들고 퀘스트 양이 많아 지니 일일히 찾아야하는데... 편의성좀 개선 해줘!!!",4
2018-04-19T19:39:28-07:00,옛날생각 나네 ~,예전에 PC때 정말열심히 했는데 새로 하니 잼나네ㅋㅋ,5
2018-04-19T17:15:41-07:00,아침부터 빡치네,하루종일 다운로드 리뷰작성은 왜 안됨?,5
2018-04-19T16:35:46-07:00,업뎃이후 아이폰 접속안됨,쓰레기,1
2018-04-19T14:58:42-07:00,매우만족,만족,5
2018-04-19T09:26:38-07:00,재미있게 잘하고 있는데 이거 버그인지..,피라미드에서 하스의요청으로 부상당한 병사 치료하는거 그뒤로 넘어가질 않아요 아무리 눌러도 말줄임표뿐;;; 답답ㅠ,5
2018-04-19T08:37:10-07:00,재밋는데,"어제 업뎃하고 계속 튕겨요.
무한 압축해제 로딩도 지속되고요.
게임을 못하고 있어요.
아이폰7 입니다",3
2018-04-19T07:01:44-07:00,ㅂ ㅅ ㅇ ㅈ 겜,"노답 슈to the 발 영감겜입니다 

캐쉬질을, 기존 캐쉬템 맞췄어도 비슷한 업뎃템이 매달 나와서 기존템과 아주 흡사한 업뎃템을 고이 모셔놓고 걔중에 성능 나은 업뎃템을 지갑+로또 식으로 만들어둠 확률도 높지 않을뿐더러 중복으로 동일한템이 너무 자주 나오는데 거래까지불가능...

템 시세등락폭도 너무커서 2400만 짜리가 일주만에 700만... 

템드랍율은 말도몬함ㅋㅋㅋㅋ 생각보다 유저수도 너무 없음",1
2018-04-19T06:08:40-07:00,안되요 ㅡㅡ,열렙시켰는대 왜 업데이트되고 로그인안되요??서버업데이트만계속뜨고안됨 ㅡㅡ,1
2018-04-19T05:45:24-07:00,너무 재밌습니다.,감사,5
2018-04-19T05:27:02-07:00,아 빡치게,"패치하고나서 서버 최선버전 확인 이후로 안넘어감 무한로딩

지우고 다시 깔아야돼 ㅡㅡ",1
2018-04-19T03:09:42-07:00,접속기종 차별인건가요?,"업데이트하고 아이폰X는 접속 되는데
삼성갤럭시탭 S3접속 안되네요.

확인해주세요.",5
2018-04-19T02:50:16-07:00,패치=재설치,"서너시간 패치 파일 받아서 접속하면 접속안됨
접속안되면 재설치하라함
개발자들 품질관리 안하는듯
품질관리부서 사망한듯",1
2018-04-19T02:03:51-07:00,업데이트 되고 어플 실행이 안되요....,ㅠㅠ 아이폰7plus 사용자인데 안되요 해결해쥬세요!!!,1
2018-04-19T01:32:24-07:00,실행이 안되요,금일 업데이트하고나서 개임이 실행이 되질 않아요.. 최신 버전 확인중만 주구장창 뜨는데 어떻게 해야 되나요?,1
2018-04-19T01:20:53-07:00,업뎃하고 게임이실행안됩니다,게임을 업뎃하고 접속하는데 또안되네요,1
2018-04-19T00:13:27-07:00,업데이트 이후 접속이 안돼요,"오늘 어플 업데이트를 했습니다.
업데이트 전에도 게임중 자주 접속이 끊겨 재접속 할때가 많아 불만이었는데 업데이트 이후부턴 아예 접속이 되지 않습니다.
계속 서버 최신 버전을 확인중입니다에서 다음으로 넘어가지 않습니다.",1
2018-04-18T23:25:05-07:00,접속이안되는데요,업데이트하고 접속이 안되요,1
2018-04-18T23:20:29-07:00,업데이트후 접속이 안대요,"버전 확인창만 뜨고 로그인창이 안떠요..ㅠ
분명 업뎃은 다했는데 ..ㅠ",4
2018-04-18T23:01:53-07:00,재밋게ㅠ하고잇는데,"이번 업데이트를 받았는데 안들어가지내요
다시 받아보고싶지만 용량이 너무커서ㅠ받기도ㅠ힘든상황입니다 빠른조치 부탁드립니다

그래도 재밌게 하고잇습니다 빨리 부탁드립니다",5
2018-04-18T22:34:00-07:00,왜 최신버전 확인만 하고 실행이 안되죠,뭔가요,1
2018-04-18T22:30:41-07:00,라그나로크m,"잘만들어주신거같은데 현질아이템을 안지르고 하는 방향으로했으면 좋을거같네요 이거 너무 차이나니 게임 할맛이사라지네요 키우는 맛도없고
점검은 한시까지인데 아직까지 접속도안되고",2
2018-04-18T22:18:43-07:00,이번패치후 아이폰인데 겜이 안되네,모냐 대체,5
2018-04-18T22:16:00-07:00,업뎃,이거 업뎃 하고 실행 하면 진행이 안되는데...,3
2018-04-18T21:44:21-07:00,꿀잼!,방금 업데이트로 인해 서버가 안들어가집니다 아이폰x 이구요,5
2018-04-18T21:44:12-07:00,패치만 하면 접속이안되는데,"이딴게임을 만들어놓고도 돈 벌 생각을 하니ㅡㅡ
대한민국이 개망트리탔다고 하는거겠지^^",1
2018-04-18T21:42:02-07:00,아이패드 사용자인데,"업뎃후에 접속이 안되요
핸드폰 아이폰 8+로는 잘되는데 아이패드만 안되네요ㅠㅠㅠ
얼릉 고쳐주세영 ㅠㅠ
게임 너무 재밌는데 지금 길드 잘 꾸리고있는데
접속아이패드로 가능하게ㅠㅠ",5
2018-04-18T21:24:57-07:00,ㅡㅡ 먼가여 업뎃 받자마자,173오류 뭐에요!!다시 깔려고 지워도 똑같고!!,1
2018-04-18T21:14:00-07:00,굳,굳,3
2018-04-18T21:10:12-07:00,업데이트후 실행오류,리소스 할수없다고 나오는데요..어떻게해야하나요...아이폰유저입니다.,4
2018-04-18T20:44:01-07:00,아이폰SE 유저입니다,"대부분 만족하는데, 눌러야하는 버튼류의 사이즈들이 너무 작아서 버튼 누르기가 힘듭니다. 그외 PC버전 추억도 생기고 전반적으로 만족합니다.",4
2018-04-18T18:25:19-07:00,왠만한 mmorpg보다 잘만든 게임이네요,"20대때 친구들과 즐겨하던 라그. 40줄이 되어 친구들과 다 같이 추억을 되살리며 하고 있는데, 하면 할수록 대단한 게임이라 생각됩니다.",5
2018-04-18T18:01:17-07:00,재미는잇는데,재미는 있고 과한 현질 유도 안하서 좋은데 게임만해서 할수잇는 아이템도 별로없고 정기점검도 너무 자주해요.. 정기점검때문에 게임못해서 슬픈데 보상도 없어요 다른게임른 점검띠문에 게임못하면 보상아이템 주던데.. 아무튼 개발자분들 화이팅하세오^^,3
2018-04-18T16:54:51-07:00,헤어나오지를 못하겠떠...,존잼,4
2018-04-18T16:48:35-07:00,옛날에 라그 하려고 램 바꾼거 생각나네요,"용산가서 램 바꿔끼고 도둑 되려고 모로크 갔을때의 그 떨림이ㄷㄷㄷ
마을도 필드도 조금 다르지만 그 때 느낌이 있어 좋습니다.",5
2018-04-18T07:17:02-07:00,재미있습니다,···,5
2018-04-17T18:02:08-07:00,굿,잼있네요 할게좀많아서 복잡하지만,5
2018-04-17T14:19:41-07:00,하지마세여 확률 극암ㅋㅋ시간아까움,갓챠 어느정도하면 선택권이라도 주든갘ㅋㅋ마냥 지를때마다 코인수나 증가시키고 개 답도없는게임ㅋㅋㅋ그다음날 초기화되는거??다른 유저가 알려줘서 그나마 알게됨ㅋㅋㅋ씹노답 걍 유저 개호구로 보는게임임ㅋㅋㅋ무과금?절때못함ㅋㅋㅋ댓글알바들에 속아넘어가지마세여ㅋㅋㅋㅋ관리도 안해 개선도 없어 그냥 구대기임ㅋㅋㅋㅋㅋㅋ하지마세요,1
2018-04-17T09:31:25-07:00,유저들 등쳐먹는 운영,"코인으로 장비 및 카드 뽑 할때마다 코인비용이 늘어나는데 매일 오전 5 시에 초기화 된다는 문구는 그 어디에서도 볼 수 없음

고칠 생각도 없고 ㅉㅉ",1
2018-04-17T07:56:40-07:00,중딩 때 유료라 못 했는데 너무 좋음,굿,5
2018-04-17T06:59:37-07:00,추억이라고,꿀잼이네요^^,5
2018-04-17T02:54:58-07:00,재미있네요,재미는 있는데 템제작 난이도가 좀 있네요,5
2018-04-16T17:20:23-07:00,굿굿,굿입니다,5
2018-04-16T02:05:30-07:00,이번에 터졌다 라그 기대이상.,기대이상,5
2018-04-15T23:22:28-07:00,ㅅㅅㅅㅅㅅ,ㅎㅅㅅ,5
2018-04-15T06:23:12-07:00,장난하나요?,"정액권 샀는데 돈은 빠져나가고 달라진게 없는데요?
처리해 주던가 환불해 주던가",1
2018-04-15T04:32:21-07:00,재밌습니다!,번창,5
2018-04-15T03:02:06-07:00,잼네,굿,5
2018-04-14T18:49:05-07:00,ㅅㅅㅂ,ㅎㄴㄷㄴㅅ,3
2018-04-14T17:25:06-07:00,너무 잼있어요,기전에 해봤던거 모바일로 하는데 캐릭터도 귀엽게 잼있어요,5
2018-04-14T16:20:47-07:00,추억,추억돋네요,5
2018-04-14T12:55:43-07:00,재미있음,재미있어요,5
2018-04-14T00:22:07-07:00,잼,잼있음,5
2018-04-13T18:02:49-07:00,재미있게. 잘 하고 있습니다,재밌네요,5
2018-04-13T18:02:10-07:00,원작과 비슷함,옛 추억팔이 게임도 많은데 이건 그나마 괜찮아요,5
2018-04-13T16:53:20-07:00,.,게펜-고블린 숲 이동할 때 게펜탑 로비로 들어가져서 불편해요,4
2018-04-13T14:25:38-07:00,재밌네요,오랜만에 옛날생각도 나고 불편한 인터페이스도 개선이 된듯 하네요,4
2018-04-13T07:50:49-07:00,잼나용,으흐흐,5
2018-04-13T07:48:56-07:00,ㅋㅋㅋ재밋강,지밋가ㅏㅇ,5
2018-04-13T04:49:40-07:00,운영에 손뗀듯,"제대로된 이벤트나 좀 열어라
관리 안하는듯",2
2018-04-13T03:24:06-07:00,향수 개쩜,ㄲ,5
2018-04-12T18:25:37-07:00,재미는 있지만 아직 안정화 문제가..,"정말 재미있고, 아기자기한 맛이 있는 게임이지만 아직 안정화 문제가 있는것 같습니다..
조금만 하면 핸드폰 발열이 너무 심하고, 점점 느려지는게 느껴집니다.
사람 많은 곳에서는 버벅거림도 심하구요..
그래서 다른 사람들과 같이 게임하고 싶어도 못하고 있습니다..
아이폰6플러스에서도 잘 돌아갈 수 있도록 게임 안정화 및 최적화 부탁드립니다.",4
2018-04-12T17:51:26-07:00,아이폰4는 라그 안되나요??ㅠㅠ,옛날폰이라 그런가 실행자체가 안되네요ㅠㅠ 되는방법 없을까요?,2
2018-04-12T16:36:45-07:00,신나요,컨텐츠등 다 맘에들어요 근데 정비 티어업이 무지하게 어렵네요,5
2018-04-12T15:01:57-07:00,굿 재미젛아여 ㅎㅎ,재,5
2018-04-12T11:01:13-07:00,완소게임 입니다.,거의 15년 전에 라그나로그를 했던 유저입니다. 이 겜은 추억도 추억이지만 모바일겜중에 정말 잘 만들어진 게임같습니다. 유저들간의 소통도 아주 좋습니다. 오래 할것 같습니다.,5
2018-04-12T07:20:05-07:00,라그 pc판,을 안해보았는데 라그m은 재미있네요 다른 모바일게임보다 훨씬 더 재미있고 무과금으로도 충분히 즐길수는 있지만 역시 과금을 안하면 게임이 재미 요소가 없어져 저도 모르게 돈을 긁고있네요 덜덜,5
2018-04-12T06:09:27-07:00,재미있습니다,우리나라 3N사 게임들 처럼 현질유도 없습니다. 무과금도 재미있어요. 이 게임 덕분에 드디어 리니지에서 벗어났습니다,5
2018-04-11T20:41:23-07:00,dlぢdfg,df,5
2018-04-11T20:01:58-07:00,초보 가이드라인을 잘 잡아주셨으면...,"옛날에 했었던 분들이라면 쉽고 재밌게 할 수 있을 것 같은데
저처럼 처음 접하는 유저분들은 초반에 어떻게 스토리를 진행해야하나 헤매는 부분이 있을 것 같습니다... 초보자 가이드라인을 좀 더 잡아주셨으면 하는 아쉬움이 있네요.
그거빼곤 너무 재밌게 잘하고 있습니다.",5
