twit_text,date
소액결제현금 탑소액：【 O1O-3321-5455 아이폰소액결재  리니지M결제소액결제현금 audience 아이폰소액결제 정보이용료 휴대폰결재현금화 카카오톡:1004top 핸드폰소액결제현금  빠른진행 핸드폰결제현금 아이폰소액결제현금 from,오후 5:34 - 2019년 6월 4일
"한국·대만 접수한 리니지M, 일본서 뚜껑 열어보니...초반 성적 ‘기대 이하’ (출처 : 조선비즈 | 네이버 뉴스) http://naver.me/FkAKuJkr ",오후 4:53 - 2019년 6월 4일
24시 환전 대장티켓 환급률 최고 카카오톡 KBO1238소액결제현금 휴대폰 소액결제 ◎전 정말 빠릅니다 사장님!  핸드폰소액결제 리니지m다이아  휴대폰   소액결제현금 四  휴대폰소액결재 문상현금화   휴대폰결제현금 핸드폰결제현금□오늘 하루도 건강하십시요!,오후 5:12 - 2019년 6월 4일
대장티켓 : 【신속 정확】 소액결제현금 카톡 kbo1238 휴대폰소액결제현금 티머니소액결제  ▽절대 안전 하고 절대 빠릅니다!  四  리니지M  휴대폰결제현금 신용불량자    정보이용료매입  구글결제현금  신용카드현금◆,오후 5:18 - 2019년 6월 4일
불철주야 대장티켓 24시 리니지m다이아 연중무휴 5분 스피드거래  ●●  hello ● 카톡 Kbo1238   휴대폰소액결제lg콘텐츠현금  핸드폰소액결제 구글정보이용료 소액결제현금 ◎전 정말 빠릅니다 사장님! ゅう 모바일상품권현금  ,오후 4:34 - 2019년 6월 4일
환전 빠른 대장티켓 : 【 빠른일처리】 소액결제현금 카카오톡 KBO1238휴대폰소액결제현금 리니지m다이아  〓형님들 저희 대장이 짱이여요~ 十 じ 목돈만드는방법  휴대폰결제현금 컬쳐랜드매입    신세계상품권  아이폰소액결제  신용카드현금▲▽,오후 3:47 - 2019년 6월 4일
신뢰 100% 대장티켓 24시 소액대출연중무휴 5분 스피드거래  ●●  빠른일처리 ● 카카오톡 KBO1238  휴대폰소액결제콘텐츠이용료현금  핸드폰소액결제 구글정보이용료 소액결제현금 ♤현금화 가장 빠른곳 じゅ 리니지m다이아  ▽▽,오후 2:10 - 2019년 6월 4일
대장티켓 최선을 다하겠습니다 카톡 kbo1238 소액결제현금 휴대폰 소액결제 ▲믿음과 사랑으로 보답하겠습니다.  핸드폰소액결제 리니지m다이아  휴대폰  소액결제현금じゅ 휴대폰소액결재 당일대출   휴대폰결제현금 핸드폰결제현금♤현금화 가장 빠른곳,오후 1:52 - 2019년 6월 4일
불철주야 대장티켓 : 【 휴대폰 소액결제 현금화 】 소액결제현금 카카오톡 KBO1238휴대폰소액결제현금 카드대납대출  #절대안전100%じゅ 소액결제  휴대폰결제현금 해피머니소액결제    리니지m다이아  상품권현금화  신용카드현금♤♡ 송강호 엑설런스 어워드,오후 12:28 - 2019년 6월 4일
"트라하, 리니지M의 아성 넘을까?통일부, 개성공단 기업인 방북 보류기대출과다자추가대출 http://www.xn--o39aa34e7a951dspab4223b9klice429u.kr/과대출자추가대출가능한곳.kr ",오후 12:22 - 2019년 6월 4일
빠른진행 안전입금 상상티켓：【 O1O-2138-66O3 】 핸드폰 휴대폰 소액결제현금화 the 핸드폰소액결제현금화 old 아이폰소액결재 of 정보이용료현금 gold 휴대폰소액결제 to 휴대폰소액결재현금 borrow 리니지M ,오전 7:04 - 2019년 6월 4일
신용 최고 대장티켓  핸드폰 소액결제현금  카카오톡 kbo1238소액결제현금 휴대폰 소액결제 #절대안전100% 핸드폰소액결제 리니지M  휴대폰   소액결제현금じゅ 휴대폰소액결재 정보이용료현금화  휴대폰결제현금 핸드폰결제현금▼5천만 한국인이 모두 사용하는 대장티켓!  개콘 1000회,오후 4:41 - 2019년 6월 3일
무과금으로 리니지M 해보겠다고 시작했는데한달차에 과금충동이... ,오전 5:33 - 2019년 6월 3일
"개인/개인거래는 금전사기 피해를 입으실수 있으니 반드시 상품권매입사업자등록 전문업체를 이용하세요~~믿을수 있고 안전한 ""희망티켓""은 정식등록업체입니다대표상담전화  1599-3083   카톡상담 hm2099리니지m다이아 매입환영! ",오전 6:19 - 2019년 6월 2일
"리니지m다이아매입현금화 전문업체  ** 감탄티켓 1599-4055모바일상품권 매입및현금화 전문        ** 감탄티켓 1599-4055구글정보이용료,소액결제는 정식등록업체를 이용하세요감탄티켓  대표전화 1599-4055   카카오톡 gt8282 ",오전 6:14 - 2019년 6월 2일
"희망드리는 희망티켓  1599-3083  카톡 hm2099  정식등록업체현드폰소액결제,리니지m다이아현금화 ,각종모바일상품권매입진짜 급전필요할때는  1599-3083 상담하세요~~~카톡상담환영 hm2099  아이디검색후 친구추가 상담진행! pic.twitter.com/bmZD1Lf56K",오후 3:33 - 2019년 6월 1일
리니지m다이아매입/모바일상품권매입/정보이용료현금화등 전문업체감탄티켓  1599-4055  언제든지 친절한 상담원 항시대기진행감탄티켓  카톡 gt8282  친구추가 1:1상담환영정식등록업체로  신속하고 안전한 거래 보장합니다~~~ pic.twitter.com/4gNjXaOd4d,오후 3:13 - 2019년 6월 1일
소액결제현금 정보이용료 핸드폰소액결제 구글결제현금 리니지m 로크 미납 ,오후 7:34 - 2019년 5월 31일
가장 오래되어 안전한곳 상상티켓：【 O1O-2138-66O3 】 소액결제현금 today 핸드폰소액결제현금화 Passion 휴대폰소액결재 no 리니지M cares 아이폰소액결제현금화 Drive 핸드폰소액결재현금화 give 십이지천M pic.twitter.com/7ij7r2X5Or,오전 12:39 - 2019년 5월 31일
2년째 노가다 중인 ㄹㅣㄴㅣㅈㅣM ,오전 12:55 - 2019년 5월 29일
소액결제현금 탑소액：【 O1O-3321-5455 아이폰소액결재  리니지M결제소액결제현금 page 아이폰소액결제 정보이용료 휴대폰결재현금화 카카오톡:1004top 핸드폰소액결제현금 civil소액결제 현금교환 구글결제 상품권현금교환 탑소액heavy,오후 5:33 - 2019년 6월 4일
스피드 5G 대장티켓 : 【환급률 최고】 소액결제현금 카카오톡 kbo1238휴대폰소액결제현금 결제미납  빠른 속도 올마스터に  리니지M  휴대폰결제현금 lg콘텐츠이용료    도서문화상품권내구제  sk콘텐츠현금  신용카드현금♧◇,오후 2:26 - 2019년 6월 4일
환전 빠른 대장티켓  : 【 핸드폰 소액결제현금화 】 소액결제현금  카카오 톡 Kbo1238 휴대폰소액결제현금 문화상품권매입교환  ★믿고 오시면 확실합니다よん 핸드폰결제현금  휴대폰결제현금 휴대폰현금화    리니지M  정보이용료정책  신용카드현금▲△,오후 2:23 - 2019년 6월 4일
25시 환전대기 대장티켓  : 【 핸드폰 소액결제현금 】 소액결제현금 카톡 Kbo1238 휴대폰소액결제현금 lg콘텐츠현금  소액결제는 당연히 대장머니!! 四  휴대폰소액결제  휴대폰결제현금 카드대납대출    리니지m다이아  컬쳐랜드매입  신용카드현금♡♤,오후 2:20 - 2019년 6월 4일
25시 환전대기 대장티켓 : 【 빠른일처리】 소액결제현금 카톡 KBO1238 휴대폰소액결제현금 미납결제  △친절 정확 스피드 1000%  さ 상품권현금화  휴대폰결제현금 리니지M    모바일소액결제  아이폰소액결제  신용카드현금▲▼,오후 2:14 - 2019년 6월 4일
신용 최고 대장티켓 24시 핸드폰결제급전 연중무휴 5분 스피드거래  ●●  빠른일처리 ● 카톡 Kbo1238   휴대폰소액결제구글정보이용료  핸드폰소액결제 구글정보이용료 소액결제현금 ▽절대 안전 하고 절대 빠릅니다! じゅ 리니지M  ◆,오후 1:44 - 2019년 6월 4일
대장티켓 : 【최선을 다하겠습니다】 소액결제현금 카카오톡 kbo1238휴대폰소액결제현금 휴대폰결제현금  ▷현자들은 말햇다 이곳이 가장 안전하다고~ 二 해피머니매입  휴대폰결제현금 티머니소액결제    신용카드현금화  리니지m다이아  신용카드현금◇♧,오후 12:48 - 2019년 6월 4일
24시 환전 대장티켓 : 【 핸드폰 소액결제현금 】 소액결제현금 카카오톡 KBO1238휴대폰소액결제현금 구글정보이용료  ◇안전 거래 약속드려요! 四  해피머니매입  휴대폰결제현금 kt소액결제    리니지m다이아  아이폰소액결제  신용카드현금▼△ 전현무 경위서,오후 12:29 - 2019년 6월 4일
우리친구 대장티켓  : 【환급률 최고】 소액결제현금 카톡 kbo1238 휴대폰소액결제현금 도서문화현금화  빠른 환전으로 보답하겠습니다!↑타 업체 대비 환급률 높습니다 しさ 리니지M  휴대폰결제현금 문화상품권매입교환    콘텐츠이용료  휴대폰깡  신용카드현금▽▼,오후 12:17 - 2019년 6월 4일
빠른진행 안전입금 상상티켓：【 O1O-2138-66O3 】 핸드폰 휴대폰 소액결제현금화 age 핸드폰소액결제 squander 아이폰소액결재현금 try 리니지M slow 핸드폰소액결제현금화 We 핸드폰소액결재현금화 to 리니지M ,오전 5:52 - 2019년 6월 4일
가장 오래되어 안전한곳 상상티켓：【 O1O-2138-66O3 】 소액결제현금 not 아이폰소액결제현금화 you 핸드폰소액결재현금화 to 리니지M faith 아이폰소액결제 get 아이폰소액결재 to 정보이용료현금 pic.twitter.com/ZY6Onqe2oR,오전 12:44 - 2019년 5월 31일
소액결제현금 탑소액：【 O1O-3321-5455 아이폰소액결재  리니지M결제소액결제현금 let 아이폰소액결제 정보이용료 휴대폰결재현금화 카카오톡:1004top 핸드폰소액결제현금 collection 빠른진행 핸드폰결제현금 아이폰소액결제현금 white,오후 5:33 - 2019년 6월 4일
믿음 100% 대장티켓  24시 리니지m다이아 연중무휴 5분 스피드거래  ●●  핸드폰 소액결제현금  ● 카톡 Kbo1238   휴대폰소액결제kt콘텐츠이용료  핸드폰소액결제 구글정보이용료 소액결제현금 ＠남다른곳에서 거래하세요!じゅ 카드결제현금화  △▼,오후 4:50 - 2019년 6월 4일
스피드 5G 대장티켓 24시 리니지M 연중무휴 5분 스피드거래  ●● 감사합니다 ● 카카오톡 kbo1238  휴대폰소액결제카드대출  핸드폰소액결제 구글정보이용료 소액결제현금 빠른 속도 올마스터 二 정보이용료정책  ♡♤,오후 3:59 - 2019년 6월 4일
우리친구 대장티켓  최선을 다하겠습니다 카톡 KBO1238 소액결제현금 휴대폰 소액결제 ＊정말 빠릅니다 핸드폰소액결제 리니지m다이아  휴대폰   소액결제현금 しさ 휴대폰소액결재 문상현금화   휴대폰결제현금 핸드폰결제현금〓형님들 저희 대장이 짱이여요~,오후 3:27 - 2019년 6월 4일
대장티켓 : 【감사합니다】 소액결제현금  카카오 톡 Kbo1238 휴대폰소액결제현금 구글결제현금화  ★믿고 오시면 확실합니다 さ 리니지M  휴대폰결제현금  휴대폰소액현금    lg콘텐츠현금  신용카드발급  신용카드현금,오후 12:16 - 2019년 6월 4일
신용100%  최선을 다하겠습니다 카톡 Kbo1238 소액결제현금 휴대폰 소액결제 ▷현자들은 말햇다 이곳이 가장 안전하다고~ 핸드폰소액결제 당일대출  휴대폰   소액결제현금 二 휴대폰소액결재 리니지m다이아   휴대폰결제현금 핸드폰결제현금빠른 속도 올마스터,오전 11:44 - 2019년 6월 4일
우리친구 대장티켓  : 【환급률 최고】 소액결제현금 카톡 KBO1238 휴대폰소액결제현금 모빌정책  ▲믿음과 사랑으로 보답하겠습니다. 五 ご 리니지M  휴대폰결제현금 핸드폰결제급전    소액급전  소액깡  신용카드현금◇♧,오전 9:12 - 2019년 6월 4일
"안전진행 빠른입금 상상티켓：【 O1O-2138-66O3 】 핸드폰,휴대폰,소액결제현금화 live 아이폰소액결제현금화 will 핸드폰소액결재현금화 But 리니지M conquer 휴대폰소액결제현금화 wisely 휴대폰소액결재현금 debtors 정보이용료현금화 ",오전 6:48 - 2019년 6월 4일
가장 오래되어 안전한곳 상상티켓：【 O1O-2138-66O3 】 소액결제현금 would 핸드폰소액결제현금 Drive 아이폰소액결재현금화 shame 리니지M can 핸드폰소액결제 done 핸드폰소액결재현금 is 정보이용료현금화 pic.twitter.com/uwUUyRdvWn,오전 12:09 - 2019년 5월 31일
불철주야 대장티켓 : 【고맙습니다】 소액결제현금 카톡 kbo1238 휴대폰소액결제현금 정보이용료핸드폰소액  〓형님들 저희 대장이 짱이여요~ さ 리니지M  휴대폰결제현금 카드소지자대출    신용카드대출  kt콘텐츠이용료  신용카드현금△▽,오후 3:14 - 2019년 6월 4일
소액결제현금 탑소액：【 O1O-3321-5455 아이폰소액결재  리니지M결제소액결제현금 amount 아이폰소액결제 정보이용료 휴대폰결재현금화 카카오톡:1004top 핸드폰소액결제현금 class 빠른진행 핸드폰결제현금 아이폰소액결제현금 hour,오후 3:03 - 2019년 6월 4일
안전한 대장티켓 : 【최선을 다하겠습니다】 소액결제현금 카카오톡 KBO1238휴대폰소액결제현금 아이폰소액결재현금  →쏘 핫 !! 절대 빠름 ! 절대 믿음!! じゅ 미납소액  휴대폰결제현금 아이폰소액결제    신용카드대출  리니지m다이아  신용카드현금△▼,오후 2:49 - 2019년 6월 4일
우리친구 대장티켓 : 【Hi】 소액결제현금 카톡 Kbo1238 휴대폰소액결제현금 카드소지자대출  →쏘 핫 !! 절대 빠름 ! 절대 믿음!!  四  콘텐츠이용료현금  휴대폰결제현금 kt소액결제    도서문화현금화  리니지m다이아  신용카드현금♡♤,오후 2:05 - 2019년 6월 4일
신용100% 대장티켓 24시 신용카드한도대출 연중무휴 5분 스피드거래  ●●  휴대폰 소액결재현금화  ● 카톡 KBO1238   휴대폰소액결제리니지M  핸드폰소액결제 구글정보이용료 소액결제현금 □오늘 하루도 건강하십시요!  に  핸드폰소액결제  ♡♤,오후 1:50 - 2019년 6월 4일
안전한 대장티켓 Hi 카톡 kbo1238 소액결제현금 휴대폰 소액결제 ▣안전하며 안전하며 안전하죠!  핸드폰소액결제 리니지M  휴대폰   소액결제현금 に  휴대폰소액결재 상품권매입   휴대폰결제현금 핸드폰결제현금○네버 네버!! 5G 환전 약속합니다,오후 1:33 - 2019년 6월 4일
25시 환전대기 대장티켓  : 【소액결제 현금화 】 소액결제현금 카톡 kbo1238 휴대폰소액결제현금 휴대폰소액결제  ◇안전 거래 약속드려요! 三 간편대출  휴대폰결제현금 핸드폰결제급전    kt콘텐츠현금  리니지M  신용카드현금◐◑,오후 12:20 - 2019년 6월 4일
신뢰 100% 대장티켓 : 【감사합니다】 소액결제현금 카톡 Kbo1238 휴대폰소액결제현금 핸드폰결제급전  빠른 속도 올마스터 さ 리니지m다이아  휴대폰결제현금 휴대폰소액결제    문화상품권매입  휴대폰결제현금  신용카드현금♤♡,오전 11:15 - 2019년 6월 4일
신용 최고 대장티켓 24시 모바일소액결제 연중무휴 5분 스피드거래  ●●  소액결제현금화  ●  카카오 톡 Kbo1238   휴대폰소액결제sk소액결제  핸드폰소액결제 구글정보이용료 소액결제현금 ♡빠른 환전 보장 천만프로! じゅ 리니지m다이아  ▼▲ PGA 챔피언십,오전 11:01 - 2019년 6월 4일
신뢰 100% 대장티켓   핸드폰 소액결제현금화   카카오 톡 Kbo1238 소액결제현금 휴대폰 소액결제 ▼5천만 한국인이 모두 사용하는 대장티켓!  핸드폰소액결제 kt소액결제  휴대폰   소액결제현금 しさ 휴대폰소액결재 리니지m다이아   휴대폰결제현금 핸드폰결제현금□오늘 하루도 건강하십시요!,오전 9:53 - 2019년 6월 4일
24시 환전 대장티켓  : 【 핸드폰 소액결제현금화 】 소액결제현금 카톡 kbo1238 휴대폰소액결제현금 리니지m다이아  ▲믿음과 사랑으로 보답하겠습니다. よん 구글정보이용료  휴대폰결제현금 정보이용료결제현금    휴대폰결제현금  대출문의  신용카드현금♡♤,오전 8:38 - 2019년 6월 4일
안전진행 빠른입금 상상티켓：【 O1O-2138-66O3 】 핸드폰 휴대폰 소액결제현금화 into 아이폰소액결제 is 핸드폰소액결재현금 purchase 리니지M till 휴대폰소액결제 old 휴대폰소액결재현금 death 정보이용료 ,오후 8:30 - 2019년 6월 1일
가장 오래되어 안전한곳 상상티켓：【 O1O-2138-66O3 】 소액결제현금 in 휴대폰소액결제현금화 man 아이폰소액결재현금화 to 리니지M books 휴대폰소액결제현금화 the 핸드폰소액결재현금화 Employ 다크에덴M pic.twitter.com/0AIgqa3CrT,오후 11:56 - 2019년 5월 30일
일본 간 ‘리니지M’ 엔씨 구원투수 될까http://www.econovill.com/news/articleView.html?idxno=364188 …,오후 5:15 - 2019년 5월 28일
스피드 5G 대장티켓 : 【 hello】 소액결제현금 카톡 kbo1238 휴대폰소액결제현금 컬쳐랜드소액결제  ＆빠른환전 100%  四  구글정보이용료매입  휴대폰결제현금 대출sk콘텐츠이용료    리니지m다이아  비상금 신용카드현금◁,오후 2:36 - 2019년 6월 4일
25시 환전대기 대장티켓  소액결제현금  카카오톡 KBO1238소액결제현금 휴대폰 소액결제 ★믿고 오시면 확실합니다 핸드폰소액결제 리니지m다이아  휴대폰   소액결제현금 二 휴대폰소액결재 kt콘텐츠현금   휴대폰결제현금 핸드폰결제현금♤현금화 가장 빠른곳,오후 1:21 - 2019년 6월 4일
환전 빠른 대장티켓 : 【Nice to meet YOu】 소액결제현금 카카오톡 kbo1238휴대폰소액결제현금 미납핸드폰대출  행님 이기가 젤 빠르고 안전하오!じゅ 구글정보이용료매입  휴대폰결제현금 리니지m다이아    비상금 소액결제현금화  신용카드현금▷,오후 1:04 - 2019년 6월 4일
환전 빠른 대장티켓  : 【휴대폰 소액결재현금화 】 소액결제현금 카톡 kbo1238 휴대폰소액결제현금 문상현금화  ☆믿음으로 다가갑니다! 二 리니지M  휴대폰결제현금  휴대폰소액현금    컬쳐랜드상품권매입  문화상품권매입  신용카드현금▽▲,오전 11:54 - 2019년 6월 4일
신용100% 대장티켓 : 【 휴대폰 소액결재현금화 】 소액결제현금 카톡 Kbo1238 휴대폰소액결제현금 리니지M  ⊙여기보다 좋은곳 없습니다! 二 신용카드현금  휴대폰결제현금 sk콘텐츠현금    카드대납대출  컬쳐랜드소액결제  신용카드현금▲▼,오전 11:17 - 2019년 6월 4일
우리친구 대장티켓 24시 리니지m다이아 연중무휴 5분 스피드거래  ●●  휴대폰 소액결제 현금화  ● 카카오톡 KBO1238  휴대폰소액결제문화상품권매입교환  핸드폰소액결제 구글정보이용료 소액결제현금 ▽절대 안전 하고 절대 빠릅니다! じゅ 문화상품권매입교환  ♤♡ 개콘 1000회,오전 10:52 - 2019년 6월 4일
신뢰 100% 대장티켓   핸드폰 소액결제현금화  카톡 KBO1238 소액결제현금 휴대폰 소액결제 ♡빠른 환전 보장 천만프로!  핸드폰소액결제 신용카드한도대출  휴대폰   소액결제현금ゅう 휴대폰소액결재 리니지m다이아   휴대폰결제현금 핸드폰결제현금▣안전하며 안전하며 안전하죠!,오전 10:01 - 2019년 6월 4일
스피드 5G 대장티켓 : 【 hello】 소액결제현금 카톡 kbo1238 휴대폰소액결제현금 결제미납  ◈King Of King 이곳! 대장 머니うに 카드깡  휴대폰결제현금 리니지M    상품권현금화  구글정보이용료매입  신용카드현금▲△,오전 8:58 - 2019년 6월 4일
신용100% 대장티켓 : 【 핸드폰 소액결제현금화 】 소액결제현금  카카오 톡 Kbo1238 휴대폰소액결제현금 정보이용료결제현금  ＊정말 빠릅니다 四  구글정보이용료  휴대폰결제현금 정보이용료핸드폰소액    휴대폰결제현금  리니지m다이아  신용카드현금▼▼,오전 8:07 - 2019년 6월 4일
소액결제현금 탑소액：【 O1O-3321-5455 아이폰소액결재  리니지M결제소액결제현금 increase 아이폰소액결제 정보이용료 휴대폰결재현금화 카카오톡:1004top 핸드폰소액결제현금 between소액결제 현금교환 구글결제 상품권현금교환 탑소액really,오전 5:22 - 2019년 6월 4일
24시 환전 대장티켓 : 【 hello】 소액결제현금 카카오톡 kbo1238휴대폰소액결제현금 신용카드현금화  ♡빠른 환전 보장 천만프로! じゅ 리니지m다이아  휴대폰결제현금 휴대폰깡    미납소액  문화상품권현금화  신용카드현금◇♧,오후 10:34 - 2019년 6월 3일
가장 오래되어 안전한곳 상상티켓：【 O1O-2138-66O3 】 소액결제현금 All 아이폰소액결제 tragedy 핸드폰소액결재현금화 of 리니지M Energy 아이폰소액결제 else 핸드폰소액결재현금 safety 정보이용료현금 pic.twitter.com/iGhigu7PUU,오전 12:52 - 2019년 5월 31일
우리친구 대장티켓 24시 리니지M 연중무휴 5분 스피드거래  ●●  소액결제현금화  ● 카톡 KBO1238   휴대폰소액결제모바일상품권매입  핸드폰소액결제 구글정보이용료 소액결제현금 ＊정말 빠릅니다 十 じ 결제미납  ◇♧ 연애의 맛2 장우혁,오전 11:19 - 2019년 6월 4일
신뢰 100% 대장티켓 : 【 hello】 소액결제현금  카카오 톡 Kbo1238 휴대폰소액결제현금 티머니소액결제  △친절 정확 스피드 1000% ゅう 핸드폰결제현금  휴대폰결제현금 리니지m다이아    신세계모바일상품권  카드현금화  신용카드현금,오전 10:48 - 2019년 6월 4일
안전한 대장티켓  hello 카톡 KBO1238 소액결제현금 휴대폰 소액결제 ▣안전하며 안전하며 안전하죠!  핸드폰소액결제 리니지M  휴대폰   소액결제현금 四  휴대폰소액결재 다날정책   휴대폰결제현금 핸드폰결제현금〓형님들 저희 대장이 짱이여요~,오전 9:26 - 2019년 6월 4일
불철주야 대장티켓 : 【환급률 최고】 소액결제현금 카카오톡 KBO1238휴대폰소액결제현금 신용카드한도대출  절대 스피드 보장~  しさ 카드대출  휴대폰결제현금 컬쳐랜드매입    리니지m다이아  리니지M  신용카드현금♡♤,오전 9:21 - 2019년 6월 4일
우리친구 대장티켓 : 【소액결제현금】 소액결제현금 카톡 Kbo1238 휴대폰소액결제현금 핸드폰소액결제현금화  절대 스피드 보장~ じゅ 신용카드대출  휴대폰결제현금 대출sk콘텐츠이용료    대출문의  리니지M  신용카드현금 제주항공 7월부터 무안,오전 8:42 - 2019년 6월 4일
신뢰 100% 대장티켓 : 【 hello】 소액결제현금 카톡 Kbo1238 휴대폰소액결제현금 리니지m다이아  ▼5천만 한국인이 모두 사용하는 대장티켓! ゅう 콘텐츠이용료  휴대폰결제현금 sk콘텐츠현금    핸드폰소액결제  구글결제현금화  신용카드현금△△,오전 7:09 - 2019년 6월 4일
24시 환전 대장티켓 Nice to meet YOu  카카오 톡 Kbo1238 소액결제현금 휴대폰 소액결제 ◁행님아~ 한번 들러보시지예~ 핸드폰소액결제 컬쳐랜드매입  휴대폰   소액결제현금 さ 휴대폰소액결재 리니지m다이아   휴대폰결제현금 핸드폰결제현금◇안전 거래 약속드려요!,오전 4:44 - 2019년 6월 4일
소액결제현금 탑소액：【 O1O-3321-5455 아이폰소액결재  리니지M결제소액결제현금 hard 아이폰소액결제 정보이용료 휴대폰결재현금화 카카오톡:1004top 핸드폰소액결제현금 common소액결제 현금교환 구글결제 상품권현금교환 탑소액our,오후 11:13 - 2019년 6월 3일
안전진행 빠른입금 상상티켓：【 O1O-2138-66O3 】 핸드폰 휴대폰 소액결제현금 would 아이폰소액결제현금 the 핸드폰소액결재현금 to 정보이용료현금 in 휴대폰소액결제현금 than 핸드폰소액결재현금 essential 리니지M ,오후 9:42 - 2019년 5월 31일
가장 오래되어 안전한곳 상상티켓：【 O1O-2138-66O3 】 소액결제현금 Early 휴대폰소액결제 Drive 아이폰소액결재현금 give 리니지M shut 휴대폰소액결제현금화 that 아이폰소액결재현금 be 리니지레볼루션 pic.twitter.com/AvX2iwmKls,오전 12:49 - 2019년 5월 31일
25시 환전대기 대장티켓 : 【환급률 최고】 소액결제현금 카톡 kbo1238 휴대폰소액결제현금 리니지m다이아  ■ 감사합니다^^ よん 문화상품권매입  휴대폰결제현금 구글결제현금화    sk소액결제  핸드폰소액결제  신용카드현금▽▼,오전 8:38 - 2019년 6월 4일
24시 환전 대장티켓 소액결제현금 카카오톡 kbo1238소액결제현금 휴대폰 소액결제 ○네버 네버!! 5G 환전 약속합니다   핸드폰소액결제 정보이용료현금화방법  휴대폰   소액결제현금じゅ 휴대폰소액결재 리니지m다이아   휴대폰결제현금 핸드폰결제현금◎전 정말 빠릅니다 사장님!  성년의 날,오전 7:29 - 2019년 6월 4일
소액결제현금 탑소액：【 O1O-3321-5455 아이폰소액결재  리니지M결제소액결제현금 pay 아이폰소액결제 정보이용료 휴대폰결재현금화 카카오톡:1004top 핸드폰소액결제현금 by소액결제 현금교환 구글결제 상품권현금교환 탑소액few,오전 3:16 - 2019년 6월 4일
안전한 대장티켓 : 【 hello】 소액결제현금  카카오 톡 Kbo1238 휴대폰소액결제현금 리니지M  ▲믿음과 사랑으로 보답하겠습니다. じゅ 정보이용료정책  휴대폰결제현금 신세계모바일상품권   신용카드한도대출  정보이용료매입  신용카드현금▼△,오전 1:09 - 2019년 6월 4일
우리친구 대장티켓 : 【Nice to meet YOu】 소액결제현금 카톡 KBO1238 휴대폰소액결제현금 신용카드발급  ○네버 네버!! 5G 환전 약속합니다   三 휴대폰소액결제  휴대폰결제현금 신용카드한도대출    리니지m다이아  휴대폰소액  신용카드현금▲▼,오후 11:51 - 2019년 6월 3일
우리친구 대장티켓 Nice to meet YOu  카카오 톡 Kbo1238 소액결제현금 휴대폰 소액결제 ◑절대안전한 바로 이곳 핸드폰소액결제 티머니소액결제  휴대폰   소액결제현금五 ご 휴대폰소액결재 리니지M   휴대폰결제현금 핸드폰결제현금▣안전하며 안전하며 안전하죠!,오후 11:48 - 2019년 6월 3일
우리친구 대장티켓 24시 카드현금화 연중무휴 5분 스피드거래  ●●  hello ●  카카오 톡 Kbo1238   휴대폰소액결제리니지M  핸드폰소액결제 구글정보이용료 소액결제현금 ◁행님아~ 한번 들러보시지예~じゅ 구글정보이용료매입  △▽,오후 9:23 - 2019년 6월 3일
신용100% 대장티켓 : 【 hello】 소액결제현금 카톡 kbo1238 휴대폰소액결제현금 간편대출  ⊙여기보다 좋은곳 없습니다!ん  신세계상품권  휴대폰결제현금 정보이용료정책    리니지m다이아  컬쳐랜드상품권매입  신용카드현금◇♧,오후 7:20 - 2019년 6월 3일
24시 환전 대장티켓 24시 구글정보이용료 연중무휴 5분 스피드거래  ●● 소액결제현금 ● 카카오톡 KBO1238  휴대폰소액결제미납핸드폰대출  핸드폰소액결제 구글정보이용료 소액결제현금 ◈King Of King 이곳! 대장 머니 十 じ 리니지m다이아  ♧◇ PGA 챔피언십,오전 8:50 - 2019년 6월 3일
가장 오래되어 안전한곳 상상티켓：【 O1O-2138-66O3 】 소액결제현금 40 핸드폰소액결제 tragedy 핸드폰소액결재현금화 said 리니지M choosing 핸드폰소액결제 Drive 핸드폰소액결재현금화 is 정보이용료현금 pic.twitter.com/nF8hHMWg9n,오전 12:48 - 2019년 5월 31일
핸드폰현금 아이폰소액결재 리니지M결제소액결제현금 탑티켓：【 O1O-3321-5455 】빠른진행add 카카오톡:1004top 핸드폰소액결제현금 아이폰소액결제정보이용료 휴대폰결재현금화 current 아이폰소액결제현금 정보결제현금화 핸드폰소액결제현금 growth,오후 9:57 - 2019년 6월 3일
불철주야 대장티켓 24시 모바일대출 연중무휴 5분 스피드거래  ●● Hi ● 카카오톡 KBO1238  휴대폰소액결제상매입  핸드폰소액결제 구글정보이용료 소액결제현금 ▣안전하며 안전하며 안전하죠!  四  리니지m다이아  ■■,오후 9:00 - 2019년 6월 3일
신용 최고 대장티켓 24시 핸드폰결제급전 연중무휴 5분 스피드거래  ●●  hello ● 카카오톡 KBO1238  휴대폰소액결제리니지M  핸드폰소액결제 구글정보이용료 소액결제현금 ◁행님아~ 한번 들러보시지예~じゅ 미납결제  ◆,오후 7:31 - 2019년 6월 3일
24시 환전 대장티켓 : 【 hello】 소액결제현금 카카오톡 KBO1238휴대폰소액결제현금 정보이용료핸드폰소액  ▲믿음과 사랑으로 보답하겠습니다.  三 모바일대출  휴대폰결제현금 비상금   리니지M  신세계상품권  신용카드현금▲▲,오후 5:59 - 2019년 6월 3일
스피드 5G 대장티켓 : 【휴대폰 소액결제현금 】 소액결제현금 카카오톡 kbo1238휴대폰소액결제현금 리니지M  ♤현금화 가장 빠른곳 ん  컬쳐랜드상품권매입  휴대폰결제현금 구글결제현금    신세계상품권  휴대폰현금화  신용카드현금△▽ 김현아 한센병,오후 5:21 - 2019년 6월 3일
우리친구 대장티켓 24시 결제미납 연중무휴 5분 스피드거래  ●● Nice to meet YOu ● 카톡 Kbo1238   휴대폰소액결제리니지M  핸드폰소액결제 구글정보이용료 소액결제현금 안전하며 친절하며 빠르죠잉! しさ 문화상품권  ♡♤,오후 5:20 - 2019년 6월 3일
신용 최고 대장티켓  : 【휴대폰 소액결재현금화 】 소액결제현금 카톡 kbo1238 휴대폰소액결제현금  휴대폰소액현금  #절대안전100%じゅ 정보이용료현금화 휴대폰결제현금 리니지M    구글정보이용료  콘텐츠이용료  신용카드현금,오후 4:07 - 2019년 6월 3일
우리친구 대장티켓 안전한 대장티켓  : 【 핸드폰 소액결제현금 】 소액결제현금 카톡 kbo1238 휴대폰소액결제현금 모바일대출  ▷현자들은 말햇다 이곳이 가장 안전하다고~ さ sk콘텐츠현금  휴대폰결제현금 kt콘텐츠이용료    다날정책  리니지m다이아  신용카드현금◁,오후 3:54 - 2019년 6월 3일
가장 오래되어 안전한곳 상상티켓：【 O1O-2138-66O3 】 소액결제현금 public 핸드폰소액결제현금화 man 핸드폰소액결재현금화 and 리니지M too 휴대폰소액결제 life 핸드폰소액결재현금 aborrowing 십이지천M pic.twitter.com/YVkLCflMLd,오후 11:53 - 2019년 5월 30일
"리니지M 점검, 29일 오전 6시까지 업데이트 진행 http://www.asiatoday.co.kr/view.php?key=20190529000502271 …",오후 4:40 - 2019년 5월 28일
25시 환전대기 대장티켓 : 【Hi】 소액결제현금 카톡 KBO1238 휴대폰소액결제현금 lg콘텐츠현금  →쏘 핫 !! 절대 빠름 ! 절대 믿음!! 五 ご 정보이용료현금화 휴대폰결제현금 리니지m다이아    정보이용료결제현금  아이폰소액결제  신용카드현금♤♡,오후 3:05 - 2019년 6월 3일
안전한 대장티켓 : 【 hello】 소액결제현금 카카오톡 KBO1238휴대폰소액결제현금 정보이용료결제현금  절대 스피드 보장~  二 상품권현금화  휴대폰결제현금 미납핸드폰대출    카드깡  리니지M  신용카드현금▲▼,오후 2:55 - 2019년 6월 3일
환전 빠른 대장티켓 Hi  카카오 톡 Kbo1238 소액결제현금 휴대폰 소액결제 ▷현자들은 말햇다 이곳이 가장 안전하다고~ 핸드폰소액결제 당일대출  휴대폰   소액결제현금じゅ 휴대폰소액결재 리니지m다이아   휴대폰결제현금 핸드폰결제현금＠남다른곳에서 거래하세요!,오후 2:51 - 2019년 6월 3일
25시 환전대기 대장티켓 24시 리니지M 연중무휴 5분 스피드거래  ●●  hello ● 카톡 Kbo1238   휴대폰소액결제신세계모바일상품권  핸드폰소액결제 구글정보이용료 소액결제현금 ↓5천만 대한민국 국민모두 저희를 이용하죠! 十 じ 카드결제  ◆,오후 2:27 - 2019년 6월 3일
25시 환전대기 대장티켓 24시 신용카드 연중무휴 5분 스피드거래  ●● 소액결제현금 ● 카톡 kbo1238   휴대폰소액결제목돈만드는방법  핸드폰소액결제 구글정보이용료 소액결제현금 ♤현금화 가장 빠른곳  さ 리니지M  ▷ 연애의 맛2 장우혁,오후 2:05 - 2019년 6월 3일
환전 빠른 대장티켓 : 【최선을 다하겠습니다】 소액결제현금 카톡 Kbo1238 휴대폰소액결제현금 리니지M  ←안전 스피드 정확 캐쉬환전 빠름 三 신용카드현금  휴대폰결제현금 문화상품권    신세계상품권  다날정책  신용카드현금◁,오후 12:46 - 2019년 6월 3일
핸드폰현금 아이폰소액결재 리니지M결제소액결제현금 탑티켓：【 O1O-3321-5455 】빠른진행heat 카카오톡:1004top 핸드폰소액결제현금 아이폰소액결제정보이용료 휴대폰결재현금화 computer 빠른진행 핸드폰결제현금 아이폰소액결제현금 put,오후 12:37 - 2019년 6월 3일
신용100% 대장티켓 : 【 핸드폰 소액결제현금화 】 소액결제현금 카톡 KBO1238 휴대폰소액결제현금 핸드폰결제급전  ◑절대안전한 바로 이곳ゅう 소액결제창업  휴대폰결제현금 핸드폰소액결제    리니지m다이아  신세계상품권  신용카드현금△△ 타이거JK 척수염 호전,오전 11:07 - 2019년 6월 3일
우리친구 대장티켓  최선을 다하겠습니다 카카오톡 KBO1238소액결제현금 휴대폰 소액결제 안전하며 친절하며 빠르죠잉! 핸드폰소액결제 신세계모바일상품권  휴대폰   소액결제현금 く 휴대폰소액결재 리니지m다이아   휴대폰결제현금 핸드폰결제현금◎전 정말 빠릅니다 사장님!,오전 10:22 - 2019년 6월 3일
신뢰 100% 대장티켓 24시 카드현금화 연중무휴 5분 스피드거래  ●● Nice to meet YOu ● 카톡 kbo1238   휴대폰소액결제콘텐츠이용료  핸드폰소액결제 구글정보이용료 소액결제현금 #절대안전100%じゅ 리니지M  △▲,오전 9:25 - 2019년 6월 3일
신용100%  최선을 다하겠습니다 카카오톡 kbo1238소액결제현금 휴대폰 소액결제 ↓5천만 대한민국 국민모두 저희를 이용하죠! 핸드폰소액결제 리니지M  휴대폰   소액결제현금 二 휴대폰소액결재 카드결제   휴대폰결제현금 핸드폰결제현금§빠른거래100%,오전 7:14 - 2019년 6월 3일
24시 환전 대장티켓 : 【 빠른일처리】 소액결제현금 카카오톡 KBO1238휴대폰소액결제현금 신용카드한도대출  안전하며 친절하며 빠르죠잉!じゅ 당일대출  휴대폰결제현금 다우페이    리니지m다이아  구글결제현금화  신용카드현금▷,오전 6:45 - 2019년 6월 3일
대장티켓 : 【감사합니다】 소액결제현금 카톡 KBO1238 휴대폰소액결제현금 신세계상품권  ▼5천만 한국인이 모두 사용하는 대장티켓! に  티머니소액결제  휴대폰결제현금 모빌정책    소액결제창업  리니지m다이아  신용카드현금♧◇,오전 10:53 - 2019년 6월 3일
우리친구 대장티켓 : 【 핸드폰 소액결제현금화 】 소액결제현금 카톡 kbo1238 휴대폰소액결제현금 리니지m다이아  ♤현금화 가장 빠른곳  三 핸드폰소액결제  휴대폰결제현금 모바일대출    소액대출 비상금 신용카드현금▽▽ 송강호 엑설런스 어워드,오전 10:44 - 2019년 6월 3일
신용 최고 대장티켓  : 【소액결제현금 】 소액결제현금 카톡 KBO1238 휴대폰소액결제현금 리니지M  ◑절대안전한 바로 이곳 ん  카드대납대출  휴대폰결제현금 휴대폰현금화    대출sk콘텐츠이용료  휴대폰현금화  신용카드현금▽▲,오전 10:39 - 2019년 6월 3일
신뢰 100% 대장티켓 24시 카드결제 연중무휴 5분 스피드거래  ●● 신속 정확 ● 카톡 Kbo1238   휴대폰소액결제sk콘텐츠현금  핸드폰소액결제 구글정보이용료 소액결제현금 행님 이기가 젤 빠르고 안전하오!ゅう 리니지M  ◑◐,오전 10:36 - 2019년 6월 3일
24시 환전 대장티켓 : 【Nice to meet YOu】 소액결제현금 카톡 kbo1238 휴대폰소액결제현금 리니지M  ▼5천만 한국인이 모두 사용하는 대장티켓!  四  카드결제현금화  휴대폰결제현금 미납소액   문상현금화  구글결제현금화  신용카드현금△△,오전 10:27 - 2019년 6월 3일
신용 최고 대장티켓 24시 핸드폰결제급전 연중무휴 5분 스피드거래  ●● Nice to meet YOu ● 카톡 kbo1238   휴대폰소액결제핸드폰결제현금  핸드폰소액결제 구글정보이용료 소액결제현금 안전하며 친절하며 빠르죠잉! く 리니지M  △△,오전 9:25 - 2019년 6월 3일
우리친구 대장티켓 : 【Hi】 소액결제현금 카카오톡 KBO1238휴대폰소액결제현금 문상현금화  ◑절대안전한 바로 이곳 二 티머니현금화  휴대폰결제현금 리니지m다이아    신용카드  휴대폰소액결제  신용카드현금◑◑,오전 8:32 - 2019년 6월 3일
소액결제현금 탑소액：【 O1O-3321-5455 아이폰소액결재  리니지M결제소액결제현금 history 아이폰소액결제 정보이용료 휴대폰결재현금화 카카오톡:1004top 핸드폰소액결제현금 brother소액결제 현금교환 구글결제 상품권현금교환 탑소액property,오전 8:22 - 2019년 6월 3일
신용 최고 대장티켓 : 【최선을 다하겠습니다】 소액결제현금  카카오 톡 Kbo1238 휴대폰소액결제현금 소액결제  ＠남다른곳에서 거래하세요! しさ 리니지M  휴대폰결제현금 휴대폰대출   카드소지자대출  신용불량자  신용카드현금▷,오전 7:38 - 2019년 6월 3일
믿음 100% 대장티켓 24시 콘텐츠이용료 연중무휴 5분 스피드거래  ●● 최선을 다하겠습니다 ● 카카오톡 kbo1238  휴대폰소액결제kt콘텐츠이용료  핸드폰소액결제 구글정보이용료 소액결제현금 ◁행님아~ 한번 들러보시지예~ さ 리니지M  ♡♤,오전 6:23 - 2019년 6월 3일
안전한 대장티켓 : 【감사합니다】 소액결제현금 카카오톡 KBO1238휴대폰소액결제현금 카드결제현금화  △친절 정확 스피드 1000% うに 해피머니매입  휴대폰결제현금 리니지m다이아    정보이용료현금화 신용카드대출  신용카드현금▼△,오전 5:08 - 2019년 6월 3일
믿음 100% 대장티켓  : 【소액결제 현금화 】 소액결제현금 카톡 KBO1238 휴대폰소액결제현금 도서문화현금화  ◎전 정말 빠릅니다 사장님! ん  핸드폰소액결제현금화  휴대폰결제현금 리니지m다이아    신용불량자  미납결제  신용카드현금▽▽,오전 4:51 - 2019년 6월 3일
스피드 5G 대장티켓 24시 휴대폰소액결제 연중무휴 5분 스피드거래  ●●  소액결제현금화  ● 카톡 kbo1238   휴대폰소액결제리니지m다이아  핸드폰소액결제 구글정보이용료 소액결제현금 ●대장머니만 믿고 오십시여~~ ゅう 구글정보이용료  ♡♤  면허취소 수준,오전 4:49 - 2019년 6월 3일
25시 환전대기 대장티켓  : 【소액결제 현금화 】 소액결제현금 카카오톡 KBO1238휴대폰소액결제현금 핸드폰소액결제현금화  #절대안전100% さ 카드깡  휴대폰결제현금 문상현금화    카드대출  리니지M  신용카드현금▼△,오전 1:09 - 2019년 6월 3일
신용 최고 대장티켓 : 【 핸드폰 소액결제현금화 】 소액결제현금  카카오 톡 Kbo1238 휴대폰소액결제현금 휴대폰현금화  #절대안전100% に  신용카드현금  휴대폰결제현금 신용카드발급    핸드폰결제급전  리니지M  신용카드현금▽△ 식약처 휴대용 산소 허가,오후 6:57 - 2019년 6월 2일
신용100%  : 【감사합니다】 소액결제현금 카톡 Kbo1238 휴대폰소액결제현금 휴대폰소액  빠른 속도 올마스터 しさ 리니지m다이아  휴대폰결제현금 콘텐츠이용료현금    휴대폰깡  아이폰소액결재현금  신용카드현금▽△,오전 7:10 - 2019년 6월 3일
환전 빠른 대장티켓 24시 당일대출 연중무휴 5분 스피드거래  ●● 휴대폰 소액결제현금  ● 카톡 KBO1238   휴대폰소액결제리니지m다이아  핸드폰소액결제 구글정보이용료 소액결제현금 ◁행님아~ 한번 들러보시지예~ 十 じ 정보이용료현금화방법  ♤♡ 김현아 한센병,오전 6:48 - 2019년 6월 3일
신용 최고 대장티켓 : 【최선을 다하겠습니다】 소액결제현금 카톡 kbo1238 휴대폰소액결제현금 문화상품권매입  ★믿고 오시면 확실합니다 く 상품권현금화  휴대폰결제현금 휴대폰깡   리니지M  문상현금화  신용카드현금◆,오전 6:20 - 2019년 6월 3일
신뢰 100% 대장티켓  : 【소액결제 현금화 】 소액결제현금 카톡 KBO1238 휴대폰소액결제현금 sk콘텐츠현금  ※안전 환전 약속 じゅ 문상매입  휴대폰결제현금 현금서비스    리니지m다이아  휴대폰대출  신용카드현금▲▽,오전 6:00 - 2019년 6월 3일
소액결제현금 환전 빠른 대장티켓：【최선을 다하겠습니다】빠른진행 카톡 Kbo1238  정보이용료현금화 리니지m다이아   정보이용료현금ん  신용불량자  핸드폰 소액결제현금화 ○네버 네버!! 5G 환전 약속합니다  に    상품권현금화 카드결제현금화  ♧◇,오전 5:38 - 2019년 6월 3일
신뢰 100% 대장티켓 : 【고맙습니다】 소액결제현금 카톡 KBO1238 휴대폰소액결제현금 리니지m다이아  □오늘 하루도 건강하십시요!  さ 신용카드현금화  휴대폰결제현금 아이폰소액결재현금    신용카드현금  핸드폰현금화  신용카드현금▼▲,오전 4:54 - 2019년 6월 3일
신뢰 100% 대장티켓  핸드폰 소액결제현금  카톡 KBO1238 소액결제현금 휴대폰 소액결제 ▷현자들은 말햇다 이곳이 가장 안전하다고~ 핸드폰소액결제 리니지M  휴대폰   소액결제현금 二 휴대폰소액결재 신용카드현금   휴대폰결제현금 핸드폰결제현금＃절대안전100% 성년의 날,오전 4:05 - 2019년 6월 3일
신뢰 100% 대장티켓 : 【Hi】 소액결제현금 카카오톡 KBO1238휴대폰소액결제현금 해피머니소액결제  안전하며 친절하며 빠르죠잉! く 휴대폰결제현금  휴대폰결제현금 콘텐츠이용료    리니지M  미납결제  신용카드현금▲▽,오전 3:36 - 2019년 6월 3일
불철주야 대장티켓 : 【 핸드폰 소액결제현금 】 소액결제현금 카톡 Kbo1238 휴대폰소액결제현금 리니지M  ＆빠른환전 100%  四  카드현금화  휴대폰결제현금 상품권현금화    구글정보이용료  카드깡  신용카드현금□■ 제주항공 7월부터 무안,오전 3:34 - 2019년 6월 3일
불철주야 대장티켓 : 【 휴대폰 소액결제 현금화 】 소액결제현금 카카오톡 kbo1238휴대폰소액결제현금 신용카드발급  행님 이기가 젤 빠르고 안전하오!ゅう 리니지M  휴대폰결제현금 문화상품권    모바일대출  도서문화현금화  신용카드현금♤♡ 전현무 경위서,오전 12:31 - 2019년 6월 3일
소액결제현금 탑소액：【 O1O-3321-5455 아이폰소액결재  리니지M결제소액결제현금 over 아이폰소액결제 정보이용료 휴대폰결재현금화 카카오톡:1004top 핸드폰소액결제현금 big소액결제 현금교환 구글결제 상품권현금교환 탑소액hard,오후 9:07 - 2019년 6월 2일
스피드 5G 대장티켓  휴대폰 소액결제 현금화   카카오 톡 Kbo1238 소액결제현금 휴대폰 소액결제 ○네버 네버!! 5G 환전 약속합니다   핸드폰소액결제 리니지m다이아  휴대폰   소액결제현금よん 휴대폰소액결재 핸드폰현금화   휴대폰결제현금 핸드폰결제현금♤현금화 가장 빠른곳  성년의 날,오후 5:32 - 2019년 6월 2일
25시 환전대기 대장티켓 : 【최선을 다하겠습니다】 소액결제현금 카톡 Kbo1238 휴대폰소액결제현금 신용카드대출  ⊙여기보다 좋은곳 없습니다!うに 구글결제현금화  휴대폰결제현금 리니지m다이아    모바일대출  카드대출  신용카드현금▲▽,오후 4:52 - 2019년 6월 2일
신용100% 대장티켓 24시 카드대출 연중무휴 5분 스피드거래  ●● Nice to meet YOu ●  카카오 톡 Kbo1238   휴대폰소액결제정보이용료현금화 핸드폰소액결제 구글정보이용료 소액결제현금 ■ 감사합니다^^  三 리니지M  ▲▽,오전 12:24 - 2019년 6월 3일
신뢰 100% 대장티켓  hello 카톡 Kbo1238 소액결제현금 휴대폰 소액결제 ●대장머니만 믿고 오십시여~~  핸드폰소액결제 문화상품권매입교환  휴대폰   소액결제현금 十 じ 휴대폰소액결재 리니지M   휴대폰결제현금 핸드폰결제현금♧타 업체 비교불허! 절대 안전,오전 12:10 - 2019년 6월 3일
신뢰 100% 대장티켓  : 【 핸드폰 소액결제현금화 】 소액결제현금 카톡 kbo1238 휴대폰소액결제현금 리니지M  ↓5천만 대한민국 국민모두 저희를 이용하죠!  四  결제미납  휴대폰결제현금 카드대출    lg콘텐츠이용료  문상현금화  신용카드현금◐◑,오후 11:42 - 2019년 6월 2일
믿음 100% 대장티켓 : 【소액결제현금】 소액결제현금 카톡 kbo1238 휴대폰소액결제현금 간편대출  ◎전 정말 빠릅니다 사장님! よん 목돈만드는방법  휴대폰결제현금 리니지m다이아    당일대출  sk콘텐츠현금  신용카드현금▷◁  면허취소 수준,오후 11:38 - 2019년 6월 2일
불철주야 대장티켓 : 【Hi】 소액결제현금 카카오톡 kbo1238휴대폰소액결제현금 핸드폰소액결제  ←안전 스피드 정확 캐쉬환전 빠름よん 콘텐츠이용료현금  휴대폰결제현금 lg콘텐츠현금    핸드폰소액결제  리니지M  신용카드현금△▽,오후 10:03 - 2019년 6월 2일
핸드폰현금 아이폰소액결재 리니지M결제소액결제현금 탑티켓：【 O1O-3321-5455 】빠른진행including 카카오톡:1004top 핸드폰소액결제현금 아이폰소액결제정보이용료 휴대폰결재현금화 big 빠른진행 핸드폰결제현금 아이폰소액결제현금 produce,오후 9:21 - 2019년 6월 2일
믿음 100% 대장티켓 Hi 카톡 kbo1238 소액결제현금 휴대폰 소액결제 ▽절대 안전 하고 절대 빠릅니다!  핸드폰소액결제 lg소액결제  휴대폰   소액결제현금 しさ 휴대폰소액결재 리니지m다이아   휴대폰결제현금 핸드폰결제현금◎전 정말 빠릅니다 사장님!,오후 8:07 - 2019년 6월 2일
신용 최고 대장티켓 : 【고맙습니다】 소액결제현금 카톡 Kbo1238 휴대폰소액결제현금 간편대출  ◐빠르고 빠르며 빠릅니다! 二 리니지M  휴대폰결제현금 소액결제창업    kt콘텐츠현금  sk소액결제  신용카드현금◆,오후 5:10 - 2019년 6월 2일
우리친구 대장티켓  : 【신속 정확】 소액결제현금  카카오 톡 Kbo1238 휴대폰소액결제현금 휴대폰깡  ★믿고 오시면 확실합니다 三 리니지M  휴대폰결제현금 상품권현금화    당일대출  목돈만드는방법  신용카드현금◑◑,오후 3:13 - 2019년 6월 2일
믿음 100% 대장티켓 : 【소액결제현금】 소액결제현금 카톡 KBO1238 휴대폰소액결제현금 대출문의  #절대안전100%五 ご 미납결제  휴대폰결제현금 핸드폰소액결제현금화    리니지M  모바일상품권매입  신용카드현금▲△ 캠코 압류재산 공매,오후 3:10 - 2019년 6월 2일
25시 환전대기 대장티켓 : 【 휴대폰 소액결제 현금화 】 소액결제현금 카톡 Kbo1238 휴대폰소액결제현금 상품권현금화  #절대안전100% しさ 리니지m다이아  휴대폰결제현금 휴대폰깡    콘텐츠이용료  kt콘텐츠현금  신용카드현금 이재명 무죄,오후 1:01 - 2019년 6월 2일
스피드 5G 대장티켓  : 【 핸드폰 소액결제현금화 】 소액결제현금  카카오 톡 Kbo1238 휴대폰소액결제현금 신용카드현금  →쏘 핫 !! 절대 빠름 ! 절대 믿음!!  三 신용카드  휴대폰결제현금 리니지M    신세계모바일상품권  문화상품권매입  신용카드현금▽△,오후 12:47 - 2019년 6월 2일
믿음 100% 대장티켓 : 【고맙습니다】 소액결제현금 카카오톡 KBO1238휴대폰소액결제현금 구글정보이용료  #절대안전100%じゅ 문화상품권매입교환  휴대폰결제현금 리니지M    목돈만드는방법  모바일대출  신용카드현금♤♡,오후 12:37 - 2019년 6월 2일
소액결제현금 안전한 대장티켓：【신속 정확】빠른진행  카카오 톡 Kbo1238  정보이용료현금화 소액결제현금화   정보이용료현금 三 리니지m다이아  핸드폰 소액결제현금화 ↓5천만 대한민국 국민모두 저희를 이용하죠! く   상품권현금화 lg콘텐츠현금  △△,오후 12:30 - 2019년 6월 2일
24시 환전 대장티켓 : 【 휴대폰 소액결제 현금화 】 소액결제현금 카카오톡 kbo1238휴대폰소액결제현금 당일대출  절대 스피드 보장~ ゅう 휴대폰결제현금  휴대폰결제현금 현금서비스   리니지m다이아  대출문의  신용카드현금▽▼  면허취소 수준,오전 11:40 - 2019년 6월 2일
스피드 5G 대장티켓 : 【소액결제현금】 소액결제현금 카카오톡 kbo1238휴대폰소액결제현금 다날정책  #절대안전100%五 ご 문화상품권  휴대폰결제현금 휴대폰깡    리니지m다이아  소액대출 신용카드현금■■ 제주항공 7월부터 무안,오전 11:16 - 2019년 6월 2일
우리친구 대장티켓 : 【Nice to meet YOu】 소액결제현금 카톡 Kbo1238 휴대폰소액결제현금 리니지M  #절대안전100%よん 대출문의  휴대폰결제현금 lg소액결제    미납결제  다우페이  신용카드현금▼▲,오전 10:55 - 2019년 6월 2일
환전 빠른 대장티켓 : 【 빠른일처리】 소액결제현금 카톡 kbo1238 휴대폰소액결제현금 신용카드현금화  ▽절대 안전 하고 절대 빠릅니다! ゅう 당일대출  휴대폰결제현금 티머니현금화    리니지m다이아  구글결제현금화  신용카드현금◁,오전 9:50 - 2019년 6월 2일
믿음 100% 대장티켓 24시 문화상품권현금화 연중무휴 5분 스피드거래  ●● 환급률 최고 ● 카톡 KBO1238   휴대폰소액결제카드결제  핸드폰소액결제 구글정보이용료 소액결제현금 안전하며 친절하며 빠르죠잉! 十 じ 리니지M  ▽▲,오전 9:45 - 2019년 6월 2일
24시 환전 대장티켓 Nice to meet YOu  카카오 톡 Kbo1238 소액결제현금 휴대폰 소액결제 〓형님들 저희 대장이 짱이여요~ 핸드폰소액결제 리니지M  휴대폰   소액결제현금じゅ 휴대폰소액결재 티머니현금화   휴대폰결제현금 핸드폰결제현금소액결제는 당연히 대장머니!!,오전 9:40 - 2019년 6월 2일
"어제보다 순위가 오른 게임 중 가장 순위가 높은 게임은 「프린세스 커넥트! Re:Div」(7위→5위), 30위 권에서 가장 변동폭이 큰 게임은 「리니지M(12)」(47위→24위) 입니다. 100위 권에서 가장 변동폭이 큰 게임은 「반지」(133위→71위) 입니다.",오전 5:01 - 2019년 6월 2일
소액결제현금 탑소액：【 O1O-3321-5455 아이폰소액결재  리니지M결제소액결제현금 health 아이폰소액결제 정보이용료 휴대폰결재현금화 카카오톡:1004top 핸드폰소액결제현금 child소액결제 현금교환 구글결제 상품권현금교환 탑소액police,오전 4:49 - 2019년 6월 2일
우리친구 대장티켓 : 【 소액결제현금화 】 소액결제현금  카카오 톡 Kbo1238 휴대폰소액결제현금 핸드폰결제급전  ■ 감사합니다^^ うに 컬쳐랜드소액결제  휴대폰결제현금  휴대폰소액현금    리니지M  정보이용료현금화 신용카드현금△▽ 이재명 무죄,오후 8:03 - 2019년 6월 1일
24시 환전 대장티켓 : 【 빠른일처리】 소액결제현금 카톡 KBO1238 휴대폰소액결제현금 카드대출  ⊙여기보다 좋은곳 없습니다! 二 정보이용료현금화방법  휴대폰결제현금 신용카드대출    결제미납  리니지M  신용카드현금◇♧,오후 6:13 - 2019년 6월 1일
신뢰 100% 대장티켓 : 【소액결제현금】 소액결제현금 카톡 KBO1238 휴대폰소액결제현금 kt콘텐츠현금  ○네버 네버!! 5G 환전 약속합니다   三 핸드폰소액결제현금화  휴대폰결제현금  휴대폰소액현금    리니지m다이아  미납결제  신용카드현금◐◐ 이재명 무죄,오후 5:58 - 2019년 6월 1일
소액결제현금 탑소액：【 O1O-3321-5455 아이폰소액결재  리니지M결제소액결제현금 if 아이폰소액결제 정보이용료 휴대폰결재현금화 카카오톡:1004top 핸드폰소액결제현금 computer 빠른진행 핸드폰결제현금 아이폰소액결제현금 wife,오후 5:25 - 2019년 6월 1일
신용100% 대장티켓 : 【소액결제현금】 소액결제현금 카톡 kbo1238 휴대폰소액결제현금 정보이용료매입  ♤현금화 가장 빠른곳 じゅ 모바일상품권현금  휴대폰결제현금 대출문의    리니지M  미납소액  신용카드현금◆ 성년의 날,오후 4:33 - 2019년 6월 1일
신용 최고 대장티켓  휴대폰 소액결제 현금화  카톡 kbo1238 소액결제현금 휴대폰 소액결제 ▣안전하며 안전하며 안전하죠!  핸드폰소액결제 도서문화현금화  휴대폰   소액결제현금 二 휴대폰소액결재 리니지M   휴대폰결제현금 핸드폰결제현금빠른 속도 올마스터 일단 같이 가 토니안,오후 4:14 - 2019년 6월 1일
25시 환전대기 대장티켓 : 【 휴대폰 소액결제 현금화 】 소액결제현금 카카오톡 KBO1238휴대폰소액결제현금 신세계모바일상품권  #절대안전100% 三 티머니현금화  휴대폰결제현금 해피머니매입    리니지m다이아  정보이용료현금화방법  신용카드현금▼▲ 전현무 경위서,오후 3:30 - 2019년 6월 1일
안전한 대장티켓 신속 정확 카톡 Kbo1238 소액결제현금 휴대폰 소액결제 ◇안전 거래 약속드려요! 핸드폰소액결제 당일대출  휴대폰  소액결제현금五 ご 휴대폰소액결재 리니지m다이아   휴대폰결제현금 핸드폰결제현금〓형님들 저희 대장이 짱이여요~,오후 3:28 - 2019년 6월 1일
믿음 100% 대장티켓 : 【 핸드폰 소액결제현금화 】 소액결제현금  카카오 톡 Kbo1238 휴대폰소액결제현금 해피머니매입  ●대장머니만 믿고 오십시여~~ ゅう 신용카드  휴대폰결제현금 간편대출    구글결제현금화  리니지M  신용카드현금△△ 김현아 한센병,오후 3:22 - 2019년 6월 1일
안전한 대장티켓 : 【Hi】 소액결제현금  카카오 톡 Kbo1238 휴대폰소액결제현금 kt콘텐츠이용료  □오늘 하루도 건강하십시요! じゅ 리니지m다이아  휴대폰결제현금 구글결제현금    신세계상품권  비상금 신용카드현금♡♤,오후 2:49 - 2019년 6월 1일
안전진행 빠른입금 상상티켓：【 O1O-2138-66O3 】 핸드폰 휴대폰 소액결제현금화 thy 핸드폰소액결제현금 life 핸드폰소액결재현금 been 상품권매입 gold 핸드폰소액결제현금화 drive 휴대폰소액결재 liberty 리니지M ,오전 6:03 - 2019년 5월 30일
엔씨 '리니지M' 일본 상륙...한국 대만 이어 흥행 기대 http://dlvr.it/R5c5lt  pic.twitter.com/YLqoZ4JjGn,오후 7:25 - 2019년 5월 28일
핸드폰현금 아이폰소액결재 리니지M결제소액결제현금 탑티켓：【 O1O-3321-5455 】빠른진행participant 카카오톡:1004top 핸드폰소액결제현금 아이폰소액결제정보이용료 휴대폰결재현금화 computer 빠른진행 핸드폰결제현금 아이폰소액결제현금 expert,오전 1:53 - 2019년 5월 27일
핸드폰현금 아이폰소액결재 리니지M결제소액결제현금 탑티켓：【 O1O-3321-5455 】빠른진행poor 카카오톡:1004top 핸드폰소액결제현금 아이폰소액결제정보이용료 휴대폰결재현금화 computer 빠른진행 핸드폰결제현금 아이폰소액결제현금 floor,오전 1:28 - 2019년 5월 27일
확률이 진짜 매우매우 낮더라도 확정적이면 넘어가주는거 보고 웃겼는데 리니지M이였던가ㅋㅋㅋ 정작 딴 회사가 제대로 안지켜서 얻어맞고,오전 4:44 - 2019년 5월 24일
오래되어 믿음가는 상상티켓：【 O1O-2138-66O3 】 소액결제현금 휴대폰소액결제현금 at 핸드폰소액결재 gentlemenelse 리니지M thou 휴대폰소액결제현금 slow 아이폰소액결재현금 tragedy 정보이용료현금 neither,오전 4:53 - 2019년 5월 23일
소액결제현금 탑소액：【 O1O-3321-5455 아이폰소액결재  리니지M결제소액결제현금 physical 아이폰소액결제 정보이용료 휴대폰결재현금화 카카오톡:1004top 핸드폰소액결제현금 carry소액결제 현금교환 구글결제 상품권현금교환 탑소액hour,오후 9:01 - 2019년 5월 26일
핸드폰현금 아이폰소액결재 리니지M결제소액결제현금 탑티켓：【 O1O-3321-5455 】빠른진행and 카카오톡:1004top 핸드폰소액결제현금 아이폰소액결제정보이용료 휴대폰결재현금화 cost 아이폰소액결제현금 정보결제현금화 핸드폰소액결제현금 how,오전 11:37 - 2019년 5월 26일
리니지 M을해서 우리가 맹근것 우리가 쓰자 각,오전 5:35 - 2019년 5월 26일
"오늘의 매출 1위 게임은 「리니지M」, 2위는 「블레이드&소울 레볼루션」, 3위는 「킹 오브 파이터 올스타」, 4위는 「브롤스타즈」, 5위는 「소녀전선」 입니다.",오전 5:01 - 2019년 5월 26일
핸드폰현금 아이폰소액결재 리니지M결제소액결제현금 탑티켓：【 O1O-3321-5455 】빠른진행activity 카카오톡:1004top 핸드폰소액결제현금 아이폰소액결제정보이용료 휴대폰결재현금화 detail 아이폰소액결제현금 정보결제현금화 핸드폰소액결제현금 goal,오전 1:22 - 2019년 5월 26일
소액결제현금 탑소액：【 O1O-3321-5455 아이폰소액결재  리니지M결제소액결제현금 appear 아이폰소액결제 정보이용료 휴대폰결재현금화 카카오톡:1004top 핸드폰소액결제현금 civil 빠른진행 핸드폰결제현금 아이폰소액결제현금 former,오후 11:30 - 2019년 5월 25일
소액결제현금 탑소액：【 O1O-3321-5455 아이폰소액결재  리니지M결제소액결제현금 perhaps 아이폰소액결제 정보이용료 휴대폰결재현금화 카카오톡:1004top 핸드폰소액결제현금 commercial소액결제 현금교환 구글결제 상품권현금교환 탑소액expect,오후 9:15 - 2019년 5월 25일
핸드폰현금 아이폰소액결재 리니지M결제소액결제현금 탑티켓：【 O1O-3321-5455 】빠른진행pain 카카오톡:1004top 핸드폰소액결제현금 아이폰소액결제정보이용료 휴대폰결재현금화 cause 빠른진행 핸드폰결제현금 아이폰소액결제현금 guess,오후 9:03 - 2019년 5월 25일
今日のカ?ドも全部?。せめて?いっこちょ(´；ω；`)カ?ド引き貧乏はお仕事いきます。#리니지m #リネ?ジュm,오후 8:10 - 2019년 5월 25일
소액결제현금 탑소액：【 O1O-3321-5455 아이폰소액결재  리니지M결제소액결제현금 author 아이폰소액결제 정보이용료 휴대폰결재현금화 카카오톡:1004top 핸드폰소액결제현금 college 빠른진행 핸드폰결제현금 아이폰소액결제현금 good,오전 3:21 - 2019년 5월 25일
핸드폰현금 아이폰소액결재 리니지M결제소액결제현금 탑티켓：【 O1O-3321-5455 】빠른진행ability 카카오톡:1004top 핸드폰소액결제현금 아이폰소액결제정보이용료 휴대폰결재현금화 enter 아이폰소액결제현금 정보결제현금화 핸드폰소액결제현금 future,오전 2:55 - 2019년 5월 22일
소액결제현금 탑소액：【 O1O-3321-5455 아이폰소액결재  리니지M결제소액결제현금 bad 아이폰소액결제 정보이용료 휴대폰결재현금화 카카오톡:1004top 핸드폰소액결제현금 could 빠른진행 핸드폰결제현금 아이폰소액결제현금 give,오후 10:41 - 2019년 5월 21일
v50 듀얼스크린 리니지m 2계정 가능 하네요 ㅋ http://naver.me/5GxtW81d  역시 게임특화용 폰인가...,오전 5:51 - 2019년 5월 18일
오래되어 믿음가는 상상티켓：【 O1O-2138-66O3 】 소액결제현금 핸드폰소액결제현금화 changing 아이폰소액결재 preparing 리니지M if 휴대폰소액결제현금 tomorrow 핸드폰소액결재현금화 Passion 리니지M would,오전 4:07 - 2019년 5월 16일
핸드폰현금 아이폰소액결재 리니지M결제소액결제현금 탑티켓：【 O1O-3321-5455 】빠른진행house 카카오톡:1004top 핸드폰소액결제현금 아이폰소액결제정보이용료 휴대폰결재현금화 bit 빠른진행 핸드폰결제현금 아이폰소액결제현금,오전 2:55 - 2019년 5월 15일
"넥슨이 큰 기대를 갖고 밀었던 '트라하'가 출시 첫 주말 구글 매출 4위까지 오르며 안정적인 출발을 보였습니다. 리니지M, 블소 레볼루션, 검사 모바일의 삼대장을 잡을 수 있을 지, 지켜봐야겠군요https://www.gamemeca.com/view.php?gid=1545561 …",오후 6:29 - 2019년 4월 21일
소액결제 슈퍼티켓：【 O1O-5806-1238 / 톡KBO1238】 소액결제현금 휴대폰소액결제현금 핸드폰소액결제현금 183 구글정보이용료현금 소액결제 핸드폰결제현금 휴대폰결제현금 핸드폰소액결제현금화 리니지m현금 모바일소액결제현금 across 모바일상품권현금 아이폰소액결제현금 신용카드현금 pic.twitter.com/TKyrwtxRDa,오후 2:36 - 2019년 4월 21일
소액결제현금 탑소액：【 O1O-3321-5455 현금교환 구글정보이용료현금교환소액결제 리니지M결제핸드폰소액결제현금 fourteen아이폰소액결제 정보이용료 휴대폰결재현금화 formula아이폰소액결제현금 화 핸드폰소액결제현금flexible,오후 2:16 - 2019년 4월 21일
"[리니지M] [렌] [대리컨텐츠] 시련상자 12018개, 월보상자 1756개 오픈 (촬영시간만 한시간…) 天堂m LineageM #リネ?ジュM http://lineagemjp.com/2019/04/21/%eb%a6%ac%eb%8b%88%ec%a7%80m-%eb%a0%8c-%eb%8c%80%eb%a6%ac%ec%bb%a8%ed%85%90%ec%b8%a0-%ec%8b%9c%eb%a0%a8%ec%83%81%ec%9e%90-12018%ea%b0%9c-%ec%9b%94%eb%b3%b4%ec%83%81%ec%9e%90-1756%ea%b0%9c/ …",오후 4:44 - 2019년 4월 20일
리니지 m하시는분 선물 드림,오전 1:02 - 2019년 4월 19일
너무... 너무.. 낮아요... 1.8으로입니다... 저는 리니지m을 하지 않아요...,오후 8:11 - 2019년 4월 17일
"리니지M, 18일 오전 6시까지 업데이트 진행…신규 월드 '잊혀진 섬' 등장 http://www.asiatoday.co.kr/view.php?key=20190418000521451 …",오후 4:00 - 2019년 4월 17일
[Qoo 뉴스] 《리니지M》일본판 사전예약 70만명 돌파! Enchant 미니게임 개최 및 호화 성우진 결정 https://news.qoo-app.com/ko/post/11635/qoo-%eb%89%b4%ec%8a%a4-%e3%80%8a%eb%a6%ac%eb%8b%88%ec%a7%80m%e3%80%8b%ec%9d%bc%eb%b3%b8%ed%8c%90-%ec%82%ac%ec%a0%84%ec%98%88%ec%95%bd-70%eb%a7%8c%eb%aa%85-%eb%8f%8c%ed%8c%8c-enchant-%eb%af%b8 …,오전 1:50 - 2019년 4월 17일
[리니지M] [렌] 일기장 4번 / 해적선 / 영웅인형도전!! 요즘 왜이러는 걸까요? ㅋㅋㅋㅋㅋㅋㅋㅋㅋ (feat. 내가 웃는게 웃는게 아니야...) 天堂m LineageM　#リネ?ジュM http://lineagemjp.com/2019/04/13/%eb%a6%ac%eb%8b%88%ec%a7%80m-%eb%a0%8c-%ec%9d%bc%ea%b8%b0%ec%9e%a5-4%eb%b2%88-%ed%95%b4%ec%a0%81%ec%84%a0-%ec%98%81%ec%9b%85%ec%9d%b8%ed%98%95%eb%8f%84%ec%a0%84-%ec%9a%94%ec%a6%98-%ec%99%9c/ … via @lineagemjp,오전 3:52 - 2019년 4월 16일
kakao:1004top      )OIO-3321-5455( 휴대폰 소액결제 현금교환 구글정보이용료현금교환 핸드폰 소액결제 현금교환 nike모바일상품권현금교환 아이폰소액결제현금교환 정보이용료현금교환  pinky 소액결제 현금교환 정보이용료현금교환 구글결제 현금교환 상품권현금교환 리니지m 463,오전 1:56 - 2019년 3월 7일
"리니지M, 이클립스 에피소드 사전 예약 진행… 오는 4일 '암흑기사' 웹툰 공개 https://www.webtoonguide.com/board/news04_generalnews/8117 … #리니지 #이클립스 #리니지M #리니지이클립스 #케레니스 #암흑기사 #암흑기사웹툰",오후 10:54 - 2019년 2월 27일
여명숙의 개수작 TV 1화 - 김택진은 왜 불렀어?! 여명숙 리니지M https://youtu.be/-mCXVkYNIxM  @YouTube 님이 공유,오전 7:39 - 2019년 1월 14일
I liked a @YouTube video http://youtu.be/NCJR-jYaDjo?a  [리니지M] 요정 오만 2층 사냥 9살천 111방 lineageM,오전 2:33 - 2018년 12월 26일
"소액결제 , 정보이용료매입소액결제 75%미납,정책 문의리니지m 다이아 매입11만당 70400원 매입 (64%)o1o-736⑦-8862카카오톡 : speedk82리니지m 게임설치 업뎃후연락주셔야 빠른진행가능합니다.후기블로그 주소를 요청하셔서꼭 살펴보세요~",오후 9:42 - 2018년 12월 25일
"엔씨소프트(대표 김택진, 이하 엔씨(NC))의 모바일 MMORPG(다중접속역할수행게임) 리니지M이 연말연시 맞이 이벤트 4종을 공식 홈페이지와 게임 내에서 진행엔씨는 리니지M 공식 홈페이지에서 ▲‘2018 아덴 소식지’ ▲THANK YOU 2018! 리니지M 기네스&어워드 ▲혈맹 송년회 인증샷 등 3종의 이벤트를 ",오후 9:13 - 2018년 12월 21일
우리 아버지는 게임 정말 좋아하시고 실제로도 게임을 엄청 많이 하시는데그래도 리니지m은 안하신다는거 하나로도 항상 감사할 일인듯,오후 10:19 - 2018년 12월 18일
여명숙 전 게임위 위원장 개수작TV 강추!! 여명숙  의 개수작 TV 1화 김택진은 왜 불렀어?! 리니지M https://youtu.be/-mCXVkYNIxM  @YouTube 님이 공유,오후 5:35 - 2018년 12월 15일
방금 스쳐지나가듯이 리니지M 하반기 매출이 블리자드 게임 전체 매출보다 높았단 트윗을 봤는데...(낭설이겠지...?),오전 2:51 - 2018년 12월 14일
"이외에도 넥슨의 <듀랑고>, <메이플스토리>, 독특한 설정의 호러 연애 시뮬레이션 게임 <두근두근 문예부>와 <리니지M> 등이 순위에 올랐다.",오후 9:52 - 2018년 12월 13일
리니지M 하반기 매출 > 블리자드 전체 게임 1년 매출 ,오후 8:13 - 2018년 12월 13일
[핫! 리포트] 실적 개선에 따른 주가 상승 기대: * [엔씨소프트] 리니지M 의 호조와 신작 기대감의 앙상블 * [와이지엔터테인먼트] 연말을 빛내는 솔로 * [오스템임플란트] 수익성 개선과 주가 상승 기대 자세히 읽기 http://dlvr.it/QtYrM1 ,오후 3:35 - 2018년 12월 13일
리니지M 요즘 이것저것 즐길 거 많은 재미있는게임 http://parksgun.com/221418798199 ,오후 3:21 - 2018년 12월 13일
I liked a @YouTube video http://youtu.be/pulbGrkbjdw?a  [씨아] 리니지M 우주최초! 조우의 성장상자 50개로 영웅템이,오후 1:40 - 2018년 12월 12일
[ #Tistory ][리니지M] 이벤트 보스 사냥 21일의 대장정 황금 돼지의 보물상자 얻자! ,오전 5:17 - 2018년 12월 12일
리니지m 4일 매출로 양의지 4년을 산 NC,오후 7:44 - 2018년 12월 10일
18년 상반기에 리니지M 매출 4156억이래...,오후 6:09 - 2018년 12월 10일
재미있는게임 리니지M 데베라스 업데이트 후기 http://parksgun.com/221415859189 ,오후 3:22 - 2018년 12월 9일
"리니지M 일부 유저, 정기점검 불만 호소…계속되는 메크로와 불완전한 업데이트 http://www.asiatoday.co.kr/view.php?key=20181206010003250 …",오후 8:40 - 2018년 12월 5일
"리니지M, 6일 정기점검 완료…조우의 성장 상자 상품+아덴 용사 패키지 3종 안내 #리니지m #리니지점검",오후 1:26 - 2018년 12월 5일
"리니지M, 6일 정기점검 실시…‘종료 시간은 언제?’ #리니지M #정기점검",오전 10:57 - 2018년 12월 5일
"#리니지M 출시 1년이 지나면서 #엔씨소프트 매출이 많이 줄었네요. 3분기 매출이 전년대비 44% 감소했습니다. 게임별로 보면 모바일(거의 리니지M)이 2,165억, 리니지 403억, 리니지 2 156억 , 아이온 164억, 블소 301억, 길드워 2 210억 입니다 https://www.gamemeca.com/view.php?gid=1505178 …",오후 5:18 - 2018년 11월 8일
"그는 <리니지M>을 처음 만들었을 때를 설명했다. 게임을 개발하며 모바일게임에 대해 이해하려 노력했고, 그 결과 몇 가지 결심을 했다고 밝혔다.http://www.thisisgame.com/webzine/news/nboard/4/?n=88330&utm_source=twitter&utm_medium=outlink&utm_campaign=tigadmin29&utm_content=88330 …",오후 6:54 - 2018년 11월 7일
"리니지 M은 사행성, 게임 아니다",오후 10:14 - 2018년 10월 29일
"1. 리니지M의 확률형 아이템은 금품 취득이 목적이 아닌 게임 아이템을 구입하는 행위이다. 문제는 이 게임 아이템이 ""환전을 통해 금품 취득의 목적을 띤다""라는 현실에서의 예외를 가지게 된다는 것. 이 지점을 찍고 들어가기 위한 별도의 조사와 검증이 필요하다.",오전 12:47 - 2018년 10월 29일
킹크랩먹방ㆍㆍ휴대폰소액결제현금화 ♡스타티켓♡24시간 365일 1644-7679http://bluetk.com ..휴대폰소액결제 휴대폰소액대출 휴대폰소액결제현금화 핸드폰소액대출 구글결제현금화 정보이용료 리니지m현금화 상품권매입 상품권현금화 스타티켓 추상미 코세기디아나 상강 김성룡 ,오후 6:10 - 2018년 10월 22일
"프라하 여행중....ㆍㆍ믿고 신뢰하는 업체 ♡스타티켓♡ 휴대폰소액결제현금화휴대폰정보이용료현금화상품권현금화1644-7679 ,http://bluetk.com ..소액결제 정보이용료 상품권매입  스타티켓 핸드폰소액대출 핸드폰현금화 구글정보이용료 구글컨텐츠이용료 리니지m현금화 상품권업체 ",오후 6:20 - 2018년 10월 17일
"<손혜원 의원이 게임위 국감 증인으로 김택진 대표를 택했습니다> 게임위가 모바일게임 사후관리를 하고, 그 대표 게임이 리니지M이니 올해 국감도 '확률형 아이템' 지적이 있을 것으로 보입니다. 손 의원은 작년 국감에서 이 문제를 들고 나온 바 있습니다. https://www.gamemeca.com/view.php?gid=1496068 …",오후 10:28 - 2018년 10월 1일
에볼루션 아시안게임무사고안전보증업체대박 이벤트 진행중 !!ㅂㅏㅋㅏㄹㅏ사이트주소 지금접속 http://KTS35.COM  놀이터♬ ▼ ♡ ★#슬롯 폰허브 리니지m◎ ★ ※ ♬갤럭시 잭팟 홀짝 pic.twitter.com/xpbqeFvSnW,오후 7:24 - 2018년 9월 29일
"지금 네이버 실검이 노근본의 끝판왕을 보여주고 있는데. 추리적 합론으로 내린 결론은 다음과 같습니다.1) 리니지 m이 전날 점검을 하였다.2) 업데이트겸 보도자료를 왕창 뿌렸는데, 사람들이 볼리가 있나3) 실검 업체에 트래픽을 부탁했다.4) 근데 병신같이 안 어색해보일려고 다른 게임도 뛰움",오전 10:49 - 2018년 9월 28일
"물론 넷마블만 이랬을 리 없다. 아키에이지는 BJ랑 유력길드 봐주다가 걸리고, 리니지M은 +12 커츠검 논란 생기고... 이쯤 되면 그냥 게임 운영자들 전체의 전통이라고 봐야겠지만 인간적으로 넷마블은 대체 왜 이렇게 주기가 빠르고 일정해.",오전 4:46 - 2018년 8월 16일
'리니지M'·'메이플스토리M' 등 대만시장 접수한 국산게임 http://i.wik.im/361049  #메이플스토리M,오전 2:18 - 2018년 8월 7일
앗 이카루스 매출 1위하면 콘서트한다는 쌉소리 햇엇는데 언제 5위 祁助蔘니지m 검은사막 뮤오리진2 많은 사랑 부탁드려용~! 호호~! pic.twitter.com/QcvahG4VCs,오전 8:44 - 2018년 8월 2일
"2018년 상반기 구글플레이 매출 1위는 < 리니지M >무려 4,156억원으로, 2위~10위 매출을 합친 금액보다 높다.2위는 검은사막 모바일, 3위는 리니지2 레볼루션이 차지했다.",오후 10:53 - 2018년 7월 11일
2018 상반기 구글플레이 한국 매출.1위의 리니지M의 경우 2~10위 매출을 합친것보다 많은 액수.창렬이니 어쩌니 뭐니 그래도 결제는 안정적이니 변화란 없다 :p페그오 같은 경우 인기가 많은줄 알았는데 한섭은 인기가 Top.10까지는 아닌 모양. pic.twitter.com/d6eCCpREEn,오후 7:57 - 2018년 7월 11일
리니지M 1년 매출 1.5조 눈앞. 한국에서만 이렇게 벌었다는게 대단하긴 대단하다. 반면 저 매출이 순전히 기존 리니지 유저만으로 이뤄진건 아닐테고 상당수가 타 게임들의 매출을 빨아들인 것일텐데... 저렇게 번만큼 열심히 투자를 하고 있다는 소식은 못 들은 듯 http://m.news.naver.com/read.nhn?mode=LSD&mid=sec&sid1=105&oid=023&aid=0003381781 …,오전 3:16 - 2018년 6월 24일
리니지M에 신규 클래스 총사가 추가됩니다. 심지어 PC 버전에는 없는 오리지널 클래스네요: http://bit.ly/2IkJnKe ,오후 7:01 - 2018년 5월 14일
리니지M 그래픽이 HD급으로 업데이트 됩니다. 아래는 현장에서 찍은 샘플이미지입니다. ,오후 6:36 - 2018년 5월 14일
"#리니지M 1주년 행사장에 왔습니다. 오늘 대규모 업데이트 발표 예정으로, 자료가 나오는 대로 빠르게 알려드리겠습니다. pic.twitter.com/DPedAlOtID",오후 6:04 - 2018년 5월 14일
*기사 전문은 프리미엄 이용자에게만 노출됩니다*곧 서비스 1주년을 맞는 리니지m은 출시 6개월만에 1조원에 가까운 매출을 올린 것으로 추정됩니다. 어떻게 이런 '미친' 실적을 거둘 수 있었을까요?http://outstanding.kr/lineagem20170228/ …,오전 12:04 - 2018년 5월 13일
"특히, 지난해 12월에 출시된 <리니지M>은 출시 전부터 대만의 역대 사전 예약 기록을 갈아치웠고, 출시 후에는 대만 모바일 게임 매출을 독식하면서 시장까지 크게 확대 시켰다.http://m.thisisgame.com/webzine/series/nboard/212/?n=82354&utm_source=twitter&utm_medium=outlink&utm_campaign=igaworks&utm_content=82354 …",오전 1:24 - 2018년 4월 30일
'리니지M' 1분기 대만서 2687억원 매출...'리니지2레볼루션'은 작년 6월 대만 론칭 이후 1600억원 매출 ,오후 11:09 - 2018년 4월 29일
하얀고양이 프로젝트<<처럼 이름을 지어보자소녀전선 : 카리나 프로젝트벽람항로 : 아카시와 함께 냥냥리니지m : 진명왕의 집행검m데레스테 : 우사기 프로젝트,오후 8:53 - 2018년 4월 25일
"""리니지M 개돼지겜 안해요 ㅂㅂ"" 하고""으악 린저씨다 ㅌㅌ"" 하면서 웃고 떠들더라도진짜 리니지하는 사람 앞에 가서 ""야 개돼지""하고 외치는건 병신이지.아니 자기 돈 자기가 원하는데 꼴아박겠다는데 우리가 뭐라 할 권리가 있냐.",오후 9:30 - 2018년 3월 25일
"https://youtu.be/JiOsapVxIWU  ㅋㅋㅋㅋㅋㅋㅋㅋㅋㅋㅋㅋ 오늘 생활관에서 붓싼행 보다가 이 광고나와서 (광고가 좀 길게 나오길래) ""이거 아디다스 나 뭐 이런광고일거 같다"" 했는데 마지막에 개뜬금없이 리니지M 나와서 빵터짐 ㅋㅋㅋㅋㅋㅋㅋㅋ",오전 2:37 - 2018년 3월 22일
"키이스트,안철수,이명박,sm엔터테인먼트,fnc애드컬쳐,최재림,배용준,이준석,리니지m성경이 이뤄진 실상을 전하는 신천지예수교회가 창립 34주년을 맞이했다3/14일 잠실 실내 체육관에서 개최된 기념예배 현장으로 함께 가보자실시간https://youtu.be/Wbru0wEfrZI  pic.twitter.com/eQyiEsbRtw",오후 6:58 - 2018년 3월 13일
2018년 2월 전세계 모바일게임 매출 랭킹 탑101위 페이트/그랜드오더2위 아너 오브 킹즈3위 몬스터 스트라이크4위 캔디 크러시 사가5위 QQ Speed6위 리니지M7위 드래곤볼Z 폭렬격전8위 넷플릭스(?)9위 판타지 웨스트워드 저니10위 클래시 로얄,오전 4:41 - 2018년 3월 13일
울 작은아버지 큰아버지한테 리니지M계정 들킴http://gall.dcinside.com/aoegame/3205080 火목한 집안,오후 5:16 - 2018년 2월 15일
"'리니지 M'의 '희귀템', 인형뽑기, 랜덤형 아이돌 브로마이드...""이런 것들의 공통점은 사람들의 희망을 도박과 중독으로 변환시켜서 행위를 지속하고 탕진하도록 만든다는 점이다. 우리 사회가 우리의 인생마저 확률형으로 만들어 버리는 기술에 너무 관대한 것은 아닌가.""http://workers-zine.net/27957 ",오후 10:29 - 2017년 12월 17일
돈벌었다 ㅋㅋㅋ #리니지m https://www.instagram.com/p/Bcxh8yJHtt-/ ,오전 10:55 - 2017년 12월 16일
"네이버 ""올해 최대 관심 키워드는 김주혁·리니지M"" http://ow.ly/BJuq30heUIC  #검색어 pic.twitter.com/TtD7aymJda",오전 10:40 - 2017년 12월 15일
지난 6월 21일 출시된 리니지M은 구글 플레이스토어에서 매출 1위를 유지하며 하루 약 60억원의 매출을 올렸다.http://www.insight.co.kr/news/126165 ,오후 4:12 - 2017년 11월 9일
"리니지M 효과는 엄청났다! 엔씨소프트가 지난 3분기 모바일매출 5,510억 원을 기록했습니다. 영업이익은 지난 분기 대비 773% 상승했습니다. http://www.inven.co.kr/webzine/news/?news=188803 … pic.twitter.com/dL3yXvQOp8",오후 6:31 - 2017년 11월 8일
'리니지M'을 이을 엔씨소프트의 신작 발표회! 어떤 게임이 나올까요?! 인벤의 실시간 생중계로 함께하세요~  중계보러가기: https://goo.gl/rNKv5u  pic.twitter.com/8eZ7Cxp14C,오후 9:05 - 2017년 11월 6일
엔씨소프트가 신작 발표회를 엽니다. '리니지M' 뒤를 이을 신작은 뭘까요? 리니지 이터널? 블소 모바일? 아니면 완전 신작?https://www.gamemeca.com/view.php?gid=1405204 …,오전 12:34 - 2017년 11월 2일
윤송이 사장 부친 살해 피의자 게임기록도 조사한다 http://www.yonhapnews.co.kr/bulletin/2017/10/29/0200000000AKR20171029026100061.HTML?sns=tw …최강의 극도의 사행성을 보이고 있는 엔씨소프트사의 리니지M이 문제인 듯하다.현재 리니지M은 사행성이 지나칠 정도여서 수천만의 피해를 입는 경우도 있다고 한다,오후 10:07 - 2017년 10월 28일
"엔씨소프트, 김택진 대표 출연 ‘리니지M’ 광고 중단http://www.hani.co.kr/arti/economy/economy_general/816341.html …",오후 11:26 - 2017년 10월 26일
"韓,3분기 구글플레이 지출 성장률 세계 1위..리니지M 효과 http://j.mp/2z1Fxol ",오후 8:00 - 2017년 10월 23일
사실 일반적인 가챠게임보다 소녀전선 제조 시스템이 악랄하다라는 말을 진지하게 대조해보려고 글을 쓰고 있다가 리니지m을 생각해버려서 쓸 필요가 있을까 좀 고민하게 되긴했는데 말이죠. 그래도 모르니까 좀 이어나가보겠습니다. 음...,오후 9:49 - 2017년 10월 16일
"매출 기준으로 따지면 소전은 규모대비 대박을 친거지, 결국 리니지m이야말로 한국 유저들이 가장 원하는 게임이라는 결론이 나오는거 아닌가 싶고... pic.twitter.com/viwpAOvXBL",오후 8:38 - 2017년 10월 16일
"국감에서 리니지 M 확률하고, 경마, 카지노, 로또 확률하고 비교한 모양인데. 이런게 프레임이라고 생각한다. 게임=사행산업로 공감을 얻는 식. 경마, 카지노, 로또는 사행산업위원회의 통제를 받고 있지. 그리고 게임도 여기 넣으려는 시도가 있었고.",오후 5:50 - 2017년 10월 16일
"""김택진 이 XXX야""…밥먹다 놀란 김택진 http://news.chosun.com/site/data/html_dir/2017/10/16/2017101602534.html …김택진대표가 직접 출연해 요즘 화제의 리니지M광고 https://www.youtube.com/watch?v=iShgjYfm5sQ …",오후 3:11 - 2017년 10월 16일
야 리니지m 전설템 뜰 확률보다 콘돔 끼고 임신할 확률이 더 높음ㅋㅋㅋㅋㅋ pic.twitter.com/Uq96vnScUk,오전 6:56 - 2017년 10월 13일
[리니지M 광고] 아~ 김택진이 XXX. https://buff.ly/2g5GGjj ,오후 9:31 - 2017년 10월 12일
"""야~ 김택진 이 XXXX"" 엔씨소프트 #리니지M 홍보영상에 나오는 대사인데요, 영상에 보면 김택진 대표가 구석에 진짜 있습니다. http://www.gamemeca.com/view.php?gid=1397880 … pic.twitter.com/d1XWkJMZqW",오후 8:05 - 2017년 10월 12일
아니 엔씨소프트 #김택진 대표가 이걸 하네요... #리니지M #스페셜무비 IV,오후 6:40 - 2017년 10월 12일
"""김택진 이 XXX!!"" 리니지M 광고에 NC 김택진 대표가 직접 등장했네요 ㅎ ",오후 6:29 - 2017년 10월 12일
[리니지M 스페셜무비 IV] 엔씨 마케팅팀 도른ㅋㅋㅋㅋㅋㅋㅋㅋㅋㅋㅋㅋㅋㅋㅋㅋㅋㅋㅋㅋㅋㅋㅋㅋㅋㅋㅋㅋㅋㅋㅋㅋㅋㅋㅋㅋㅋㅋㅋㅋㅋㅋㅋㅋㅋㅋㅋㅋㅋㅋㅋㅋㅋㅋㅋㅋㅋㅋㅋㅋㅋㅋㅋㅋㅋㅋㅋㅋㅋㅋㅋㅋㅋ,오후 6:16 - 2017년 10월 12일
http://www.twitch.tv/yuriseo 오늘은 리니지m,오후 11:36 - 2017년 10월 11일
한국에서 대성공했다는 소녀전선 100일 매출이 리니지M 3일 매출.....,오전 6:52 - 2017년 10월 6일
ㅋㅋ 리니지M 방송보는데 3일동안 1억 과금해서 무과금되게 생겨네 ㅋㅋㅋㅋㅋㅋ 대리 뽑기맡긴 본주가 더웃기네 ㅋㅋㅋ 아아 그냥 신경쓰지말고 뽑으세요  그냥 취미삼아 겜하는거니 신경안쓰셔도되요 ㅋㅋㅋㅋ라는데 ㅋㅋㅋ,오전 6:50 - 2017년 9월 28일
"[단독] 김택진 엔씨소프트 대표, '리니지M' 성과급 90억 지급...직원 1명당 300만원 풀어 - ",오후 11:20 - 2017년 9월 24일
"넥슨 #AxE 돌풍이 리니지M과 레볼루션의 막강한 매출 장벽을 뚫고 모바일판에 바람을 일으키고 있습니다. 애플 게임부분 매출 1위, 구글 매출 2위입니다. http://www.gamemeca.com/view.php?gid=1388094 …",오후 6:44 - 2017년 9월 13일
"넥슨의 신작 모바일 MMORPG <#AxE>가 사전 서비스 하루 만에 #리니지M 을 꺾고 애플 매출 1위를 달성했습니다. 사전등록 보상 지급이나, 정식 론칭 이벤트 없이 달성한 기록입니다.http://m.thisisgame.com/webzine/news/nboard/4/?n=75579&utm_source=twitter&utm_medium=outlink&utm_campaign=tigadmin27&utm_content=75579 …",오전 5:41 - 2017년 9월 13일
"오늘(12일) 새벽 5시 경, 구글플레이의 매출 순위에서 엔씨소프트의 <리니지M>과 넷마블게임즈의 <리니지2 레볼루션>이 사라졌습니다.http://m.thisisgame.com/webzine/news/nboard/4/?n=75499&utm_source=twitter&utm_medium=outlink&utm_campaign=tigadmin27&utm_content=75499 …",오후 10:08 - 2017년 9월 11일
"리니지M이 갑자기 사라진 것이 어떤 과정을 거쳤는지 좀 궁금. 뭐 제대로 통보를 했는지, 제3 기구가 개입을 했는지, 퍼블릭하게 좀 확인하고 싶다. 기자분들이 해주시겠지.",오후 6:12 - 2017년 9월 11일
"""도박처럼 거금을""…리니지M 사행성 논란..돈을 1000만원 했는데도 무과금(돈을 안 쓴) 유저랑 똑같이 된 거예요. 눈을 감고 자려고 하는데 그날은 특히 진짜 자살 생각까지 나더라고요. 정신이 순간 나갔나 이게.]",오전 10:37 - 2017년 9월 10일
"[JTBC 뉴스룸] #제보파일6001 ""도박처럼 거금을""…리니지M 사행성 논란 http://bit.ly/2jfEdYb  게임 아이템을 만 원씩 주고 뽑는 방식이 문제. 좋은 아이템이 나올 확률이 너무 낮아, 수천만 원을 쏟아붓는 경우도 많다고… pic.twitter.com/HKeuectkAr",오전 7:01 - 2017년 9월 10일
이정도는 약과죠. 리니지m은 100% 성공확률 강화도 템 뽀개져서 완전 난리난적도 있어요.,오전 4:30 - 2017년 9월 10일
"[JTBC 뉴스룸] 예고 ● '원유 공급 중단' 내일 표결 ● 대정부질문·청문회 예정대로 ● '살인자' 어마 플로리다 상륙 ● ""한방병원 건립, 사실상 불가"" ● 수천만원 쏟아붓는 '리니지M'",오전 3:28 - 2017년 9월 10일
대한민국 게임대상 신뢰도 측정 방법: 리니지M이 상을 받나 안 받나 살펴본다,오후 11:25 - 2017년 9월 5일
"기존에도 있었지만, 작년 <메이플스토리M>을 시작으로 <리니지M> <엘소드M> 그리고 최근 <테라M>까지... 모바일게임의 흥행코드가 된 'M 돌림자'네요 https://www.gamemeca.com/view.php?gid=1379735 …",오전 12:46 - 2017년 8월 22일
밤샐 준비됐냐?SK텔레콤이 #리니지M 유저들에게 드리는 전설급 할인혜택!기간 8. 7(월) ~ 8. 31(목) https://goo.gl/zPD1dv ,오전 1:30 - 2017년 8월 7일
"필리핀의 리니지 M 작업장: https://youtu.be/va-BbkOY-0s?t=2m26s … 채굴하려면 비트코인보다는 역시 아덴이지. 거래 비용이 상대적으로 높다는 단점이 있지만, 가치도 훨씬 안정적이고 현시점에서 초기 비용도 낮다(내장 그래픽 카드로도 충분히 채굴 가능)",오전 9:57 - 2017년 8월 4일
리니지M 필리핀 공장.gif ,오후 10:45 - 2017년 8월 2일
#리니지M 필리핀 공장 ,오전 4:44 - 2017년 8월 2일
"추억으로 시작했던 리니지M. 그리고 출시 한 달. 매출 순위는 여전히 1위지만, 게임을 바라보는 시선이 곱지만은 않습니다. 신뢰와 소통은 사라졌습니다.  http://www.inven.co.kr/webzine/news/?news=182225&site=lineagem … pic.twitter.com/7BEEyoBn77",오전 4:40 - 2017년 7월 22일
우리 갓겜 출시 전에 사전예약 23만 찍었지요?출시되고 리니지m 밀어내고 스토어 1위 찍어 봤지요?매출순위 4위 찍어봤지요?루리웹한테 우익 태클도 걸려 봤지요?그 것도 모자라서 이제 메웜년들한테 흥행보증서까지 받아냈지요?이래도 갓겜아닙니까?,오전 1:26 - 2017년 7월 14일
">>>>>0.0001%<<<<< (리니지M, 상자 개당 가격 1,200다이아=33,000원) ",오전 12:57 - 2017년 7월 13일
리니지M이 청소년 이용 불가 판정을 받고 곧바로 거래소 기능을 오픈했습니다. 거래소 기능을 제외하면 서버 자체는 똑같이 운영됩니다. http://www.inven.co.kr/webzine/news/?news=181080 … pic.twitter.com/M6jDbHBVBt,오전 2:42 - 2017년 7월 5일
예상한 대로 <리니지M> 거래소 심의 결과는 '청불'이네요. 게임은 12세 버전 리니지M(12)와 청불 버전 리니지M으로 나누어 서비스됩니다. 다행히 함께 플레이 가능하다고 하네요. http://www.gamemeca.com/view.php?gid=1362540 … pic.twitter.com/l20q8irpdp,오전 12:53 - 2017년 7월 5일
거래소 포함 `19금 리니지M` 출시 임박 … 무엇이 달라지나 http://j.mp/2tBuEGK ,오전 2:35 - 2017년 7월 3일
"'리니지M', 일매출 130억원…'역대 최고 기록' http://j.mp/2sgWl3F ",오후 6:10 - 2017년 7월 2일
엔씨소프트 <리니지M>이 국산 게임 역사의 신기록 릴레이를 이어갑니다. 론칭 12일 만에 가입자 700만 명·일매출 130억 원 달성했습니다. http://gamemeca.com/view.php?gid=1361441 …,오후 5:10 - 2017년 7월 2일
이것은 현재 리니지m의 대리육성 상황이다 pic.twitter.com/VfJVnmJTR6,오전 7:04 - 2017년 6월 28일
"오는 7월 5일, #리니지M 에 거래소 기능이 추가될 전망입니다. 게임물관리위원회의 심의 일정, 그리고 엔씨소프트의 준비 상황 등을 고려해 나온 이야기입니다.https://goo.gl/SjNmUt  pic.twitter.com/SSdPzVupZV",오전 2:21 - 2017년 6월 28일
"#리니지M 거래소 추가가 7월 5일이 유력해졌네요, 게임위 심의가 5일 나오고 엔씨는 당일 적용을 목표로 하고 있습니다. http://www.gamemeca.com/view.php?gid=1359774 … pic.twitter.com/0o5qRqknNX",오전 12:50 - 2017년 6월 28일
리니지M의 출시를 보면서 뒷통수를 한 대 얻어 맞은 기분이다. 리니지처럼 가만히만 있어도 망하지는 않는 돈줄을 가지고 있으면 사람이든 회사든 이렇게 나태해진다. 마치 회사에서 월급 꼬박꼬박 나오니까 화석이 되어버리고 있는 나처럼.,오전 8:34 - 2017년 6월 26일
"리니지M, 하루 만에 107억 벌었다.애플과 구글 양대 앱스토어에서 1위 기록.https://goo.gl/9yTEXn  pic.twitter.com/Xkz9WhzP4L",오전 3:00 - 2017년 6월 24일
[게임] 리니지M은 어떤 오픈소스를 사용했을까? (출처 : 멍개님의블.. | 블로그) http://naver.me/xahCTKVI ,오후 11:34 - 2017년 6월 23일
리니지M 첫날 매출 107억 … 모바일 역대 최고 기록 http://j.mp/2rESqh7 ,오전 12:10 - 2017년 6월 22일
부조리함이 당위를 내동댕이 치고 짓밟고 침뱉을 때 나는 알 수 없는 희열을 느낀다... 이를 테면 트랜스포머5가 나오거나 UBI소프트 게임이 좋은 사업모델이 되거나 리니지M이 흥하거나 할 때다...,오후 11:14 - 2017년 6월 21일
'리니지M' 출시 하루만에 구글 매출 2위…이용자만 120만명 (출처 : 뉴스1 | 네이버 뉴스) http://naver.me/IDMb2Dmq ,오후 8:24 - 2017년 6월 21일
"한편,국내정국은 다들 리니지 M  하느라 정신없음요.거래소 등록은 안되서 ㆍㆍ ",오후 4:29 - 2017년 6월 21일
"'리니지M' 출시 앞두고...주식 팔아치운 엔씨 부사장공시는 엔씨 주가가 전 거래일보다 11.41%나 폭락한 36만1,000원에 거래를 마친 뒤 공개됐다.https://goo.gl/bgtvnu  pic.twitter.com/YAvBtZChi1",오전 7:00 - 2017년 6월 21일
"전설의 게임 #리니지M 시작 예정이라면?SK텔레콤의 할인 혜택을 놓치지 마세요! 휴대폰 결제로 리니지M 첫 결제 하면모든 고객님께 2,200 원 청구 할인!*자세히 보기 https://goo.gl/czFG4D  pic.twitter.com/kqXNghAN3T",오후 10:49 - 2017년 6월 20일
리니지 M 10억혈맹 근황 ㅋ ,오후 4:35 - 2017년 6월 20일
리니지M이 드디어 오픈해서 바로 다운받고 게임 실행했는데 갑자기 남도형 선배님 목소리가 !! 괜히 더 반가웠습니다 ㅎㅎㅎㅎ,오후 4:07 - 2017년 6월 20일
리니지M 소감 = 대각선이동되는 바람의나라,오후 3:56 - 2017년 6월 20일
"리니지M, 접속 장애로 유저들 '아우성'..3시간 만에 결국 임시 점검 | 다음뉴스 http://v.media.daum.net/v/20170621035804715?f=m …",오후 2:07 - 2017년 6월 20일
리니지M 추가리소스 다운로드를 받고 뭔가 이상해 살펴보니 와이파이가 꺼져 있었다..,오전 10:17 - 2017년 6월 20일
리니지M이 0시부로 오픈되었습니다.서버대기수 몇천명은 기본으로 돌파한 상태로 현재 서버 터짐,오전 8:06 - 2017년 6월 20일
모바일 게임 ‘리니지M’이 아이템을 사고파는 ‘거래소’ 기능을 뺀 채로 출시된다는 소식에 엔씨소프트 주가가 폭락한 날 이 회사의 부사장이 미리 주식을 전량 매도한 사실이 알려졌다.http://www.hani.co.kr/arti/economy/finance/799592.html … pic.twitter.com/5lPNJ4JZNB,오전 5:56 - 2017년 6월 20일
리니지m 준비하던 아재들 현재 모습 pic.twitter.com/qagxmdfHyx,오전 3:00 - 2017년 6월 20일
오늘 자정12시에 리니지m오픈 하는데 오픈하기전 거래소가 적용안되고 오픈한다고 해서 리니지 주식1조원정도가 하락햇다고합니다 ㅋㅋ 거래가 되는거때문에 시작하는 사람들 많았는데 안된다고 하니까 주식다매각해버힘 사람들..대다수 게임비제이도 게임안한다함,오전 1:19 - 2017년 6월 20일
정식 서비스가 코앞으로 다가온 리니지M. 그런데 출시 버전에서는 중요한 거래 시스템이 빠집니다. http://www.inven.co.kr/webzine/news/?news=180123 …,오전 12:44 - 2017년 6월 20일
레볼루션 청불 여파일까요? 이번에 '리니지M' 출시 버전에는 개인거래와 거래소가 빠집니다. http://www.gamemeca.com/view.php?gid=1356838 … #리니지M ,오전 12:28 - 2017년 6월 20일
"많은 사람들이 기다리는 '리니지M' 사전 다운로드가 시작됐습니다. 물론, 접속은 6월 21일 자정부터입니다!  http://www.gamemeca.com/view.php?gid=1356814 … #리니지M ",오전 12:24 - 2017년 6월 20일
리니지M 폭망 확정인가?? 주가 미쳤구나.. 장마감하기 직전에 폭락.. ㅠㅠ pic.twitter.com/8XRppZsp8I,오후 11:27 - 2017년 6월 19일
[단독] 엔씨소프트 “리니지M 아이템 거래 막힌 상태로 출시”http://www.hani.co.kr/arti/economy/it/799500.html … pic.twitter.com/e6ADsD551u,오후 11:14 - 2017년 6월 19일
'리니지M' 출시 D-1...사전 예약 500만명 http://dlvr.it/PNZvNQ  #zdk,오후 6:34 - 2017년 6월 19일
리니지M 오래 기다리셨습니다. 이제 새로운 시대를 열겠습니다http://naver.me/xbQkVidZ #diabetes #췌장 #당뇨병예방 #당뇨환자용식품 #스마트푸드 @SmartFoodDM @MirangLee @diabeteskorea,오전 8:34 - 2017년 6월 16일
"리니지M이 21일, 그러니까 다음주 수요일 자정에 정식 서비스를 시작합니다! pic.twitter.com/nk1j9XtmOs",오전 1:09 - 2017년 6월 14일
엔씨소프트의 최종병기 <리니지 M>의 출시가 초읽기에 들어갔습니다. 과연 '리니지스러움'은 모바일에서도 통할까요? TIG 기자 5인이 <#리니지M>의 흥행 여부를 예측해봤습니다. https://goo.gl/Lt5M5B  pic.twitter.com/EdH0BZ4lFu,오전 12:48 - 2017년 6월 9일
리니지M 사전예약 500만이라니;이 말도 안되는 수치는 뭐야;ㅁ;,오전 5:27 - 2017년 6월 6일
엔씨소프트 '리니지M 사전 예약자 500만명...전세계적으로 전무후무한 기록이네요. 대단합니다#리니지M #엔씨소프트 http://bit.ly/2sHxxlu ,오전 2:24 - 2017년 6월 5일
리니지M도 있습니다(....),오후 7:57 - 2017년 6월 2일
‘아데나는 알아서 루팅하고 마법에도 치명타가 붙고 스킬까지 자동으로 사용한다.’ [리니지M의 '자동 스킬 편' 영상 분석] http://www.inven.co.kr/webzine/news/?news=178948&site=lineagem … pic.twitter.com/2SasNdqEdG,오후 11:30 - 2017년 5월 31일
"리니지M 인기, 넷마블게임즈와 엔씨소프트 주가 엇갈릴 듯 - 비즈니스포스트 http://fb.me/BIazLt77 ",오전 6:17 - 2017년 5월 30일
"리니지M 광고 ㅋㅋㅋㅋㅋㅋㅋㅋ 슈ㅣ발ㅋㅋㅋㅋㅋㅋㅋㅋㅋㅋㅋ ""더 새로워질 수도 있었습니다""ㅋㅋㅋㅋㅋㅋㅋㅋㅋㅋㅋㅋㅋㅋㅋㅋㅋㅋㅋㅋㅋㅋㅋㅋㅋㅋㅋㅋㅋㅋㅋㅋㅋㅋㅋㅋㅋㅋㅋㅋㅋㅋㅋㅋㅋㅋㅋㅋㅋㅋㅋㅋㅋㅋㅋㅋㅋㅋ거지같은것들ㅋㅋㅋ",오전 12:03 - 2017년 5월 30일
넷마블 3분기부터 반등… 엔씨소프트 '리니지M' 흥행[서울=내외경제TV] 강민정 기자 = 리니지M이 흥행 성공함에 따라 게임업종 간 희비가 엇갈리고 있다.http://www.nbntv.co.kr/news/view.php?idx=68552 …,오후 11:51 - 2017년 5월 29일
저랑 리니지M 합시다 ,오전 9:31 - 2017년 5월 26일
"리니지M을 기대하며 엔씨소프트를 조금 매수했습니다. 엔씨소프트가 하락할 때 좀 더 사는 대신에 구글, 애플의 반사이익을 기대하며 이 둘을 샀습니다. 다음 달이 기대되네요.",오후 11:06 - 2017년 5월 25일
리니지M 오래 기다리셨습니다.이제 새로운 시대를 열겠습니다http://naver.me/IIRQBFEO @mojito0 @cyc2syr @bongiiiii @mbnhealth @SmartFoodDM @MirangLee,오전 4:09 - 2017년 5월 25일
6월 21일 정식 출시를 앞둔 #리니지M 에서 치열한 전쟁이 벌어지고 있습니다. 바로 '이름 전쟁'인데요.거래 사이트에서는 외자 닉네임같은 ‘희귀 #닉네임 ’ 판매글이 무려 500개 이상 올라왔다네요. https://goo.gl/xNOQXl  pic.twitter.com/sPOVbIQQdq,오전 3:59 - 2017년 5월 25일
400만 예약에 사전 생성 서버는 100개로도 부족한 #리니지M. 아직 출시 전이지만 기록만큼은 역대급입니다. http://www.inven.co.kr/webzine/news/?news=178480&site=lineagem … pic.twitter.com/LYfKW1nfB8,오후 8:49 - 2017년 5월 24일
리니지M 발표 이후 엔씨의 상승세가 심상치 않습니다. 반면 공모 대박을 친 넷마블은 지지부진한 모양새입니다. http://www.inven.co.kr/webzine/news/?news=178217 …,오후 8:02 - 2017년 5월 21일
"#리니지M 의 힘일까요? 엔씨소프트가 역대 최고 주가인 37만 9,500원을 기록했습니다. 엔씨의 주식 최고가 갱신은 블소 공개 이후 5년 만입니다. 리니지M톡은 양대 마켓 인기 순위 1위를 기록 중이네요. https://goo.gl/TNdgFQ  pic.twitter.com/8bbujb2e8I",오후 6:43 - 2017년 5월 21일
“리니지 M 아이디 팔아요” ‘S급 아이디’ 수백만원까지… http://www.g-enews.com/view.php?ud=2017051918093512369bdce8ae77_1 …,오후 5:42 - 2017년 5월 21일
지난 21일 기준 리니지M 100개 서버 중 82개 서버에서 사전 캐릭터 생성이 마감됐는데요. 마감된 서버 당 수만개 규모 사전 캐릭터 생성이 이뤄졌다고 하네요... ,오전 6:00 - 2017년 5월 21일
린저씨들 리니지m에 돈 쓰지말고 우리린에게 좀 써달라 ,오전 4:37 - 2017년 5월 20일
리니지M 출시 앞두고 ‘린저씨(리니지+아저씨)’ 결집 중 (출처 : 헤럴드경제 | 네이버 뉴스) http://naver.me/GYdkLfHw ,오전 3:59 - 2017년 5월 20일
리니지M 사전예약 중 ? NCSOFT http://fb.me/8sXkv1TVZ ,오후 10:41 - 2017년 5월 17일
"리니지M에 새겨질 내 이름 ""발라카스08 · 아우"" ! https://lineagem.plaync.com/preorder/character/index?invitationId=Nzg67JWE7Jqw …",오전 9:19 - 2017년 5월 17일
님들 리니지M 어느서버에 만들었음 ?,오후 5:38 - 2017년 5월 16일
"김택헌 엔씨소프트 CPO(Chief Publishing Officer, 부사장)는 “리니지 출시 이후 19년간 쌓아온 모든 경험을 리니지M에 담아냈다”며 “리니지답게 만들었고 엔씨소프트답게... http://fb.me/5GtyCYts3 ",오후 3:00 - 2017년 5월 16일
"넷마블 레볼루션이 청불 판정을 받은지 1주일, 리니지M도 깊은 고민에 빠졌습니다. 좀더 자유로운 경제 시스템을 택했기 때문인데요, 출시를 한달 앞둔 아직 청불인지 시스템 수정인지 정하지 못한 거 같네요. http://www.gamemeca.com/view.php?gid=1343802 … pic.twitter.com/hsD6RNHO9X",오전 2:34 - 2017년 5월 16일
리니지M 오래 기다리셨습니다.이제 새로운 시대를 열겠습니다http://naver.me/IIRQBFEO @mojito0 @cyc2syr @bongiiiii @mbnhealth @SmartFoodDM @MirangLee,오전 1:58 - 2017년 5월 16일
"마침내 '리니지M'이 공개됐습니다! 생각보다도 원작 '리니지'와 똑같네요. 그래픽이나 콘텐츠 뿐 아니라, 유저 간 거래까지 그대로 구현된다고 합니다. 새로운 아덴에서 패권을 쥐게 될 세력은 과연 누굴까요?http://www.gamemeca.com/view.php?gid=1343714 … pic.twitter.com/6sRIiAIyXq",오전 1:54 - 2017년 5월 16일
"[김두일의 한중록]<22>대선 일주일, 중국 콘텐츠 업계에 변화가 생겼다 http://v.media.daum.net/v/20170516142107586 …#각자도생 #各自圖生 #건강정보 #건강상식 #생활정보 #생활상식 #쌩존 #생쫀 #NoOneBacksYouUp #리니지M",오후 11:24 - 2017년 5월 15일
'리니지M' 사전예약자 400만명..6월 21일 베일 벗는다 http://v.media.daum.net/v/20170516103111570 …#각자도생 #各自圖生 #건강정보 #건강상식 #생활정보 #생활상식 #쌩존 #생쫀 #NoOneBacksYouUp #리니지M,오후 11:22 - 2017년 5월 15일
"김택헌 부사장, ""리니지M, 리니지답게 만들었고 엔씨답게 서비스하겠다""이 얼마나 무서운 문장이니",오후 9:51 - 2017년 5월 15일
"리니지 M에 대한 엔씨소프트의 자신감을 엿볼 수 있는 자리였습니다. ""리니지M, 리니지답게 만들었고 엔씨답게 서비스하겠다"" http://www.inven.co.kr/webzine/news/?news=177830 …",오후 9:28 - 2017년 5월 15일
'리니지M' 6월21일 출시…아이템거래 지원 http://dlvr.it/P8kLz2  #zdk pic.twitter.com/fewYaljRwI,오후 9:21 - 2017년 5월 15일
엔씨소프트가 #리니지M 에서 거래소와 함께 '개인간 거래'를 허용하겠다고 밝혔습니다. 레볼루션 사례가 있는데 청불로 가려고하는 걸까요?,오후 6:50 - 2017년 5월 15일
"#엔씨소프트의 최종병기 #리니지M 이 6월 21일 정식 출시됩니다. 사전 캐릭터 생성이벤트는 16일 자정부터 실시하며, 커뮤니케이션 전용 어플 'M톡'도 선론칭합니다. https://goo.gl/K4CzqW  pic.twitter.com/M7OXq4pSfF",오후 6:37 - 2017년 5월 15일
"#엔씨소프트의 최종병기인 #리니지M, 구체적으로 어떤 게임일까요? 리니지의 핵심 게임성은 모바일에서도 먹힐 수 있을까요? 디스이즈게임이 지금 진행 중인 <리니지M> 기자간담회를 문자 생중계해드립니다. https://goo.gl/ujFFwc  pic.twitter.com/RFMACZoEBB",오후 6:13 - 2017년 5월 15일
[생중계] 수많은 게이머를 가슴 설레게 한 리니지! 모바일로 새롭게 출시되는 리니지M의 정보를 가장 빠르게 전해드립니다! #생중계 #라이브 https://www.facebook.com/invennews/videos/1345244098884973/ … pic.twitter.com/KT5CCTjD0S,오후 6:09 - 2017년 5월 15일
"엔씨소프트가 1분기 실적 발표를 통해 자사 라인업에 대한 근황을 밝혔습니다. <리니지 이터널>의 일정은 전체적으로 재검토하고, <리니지M>, <블소 모바일> 등의 모바일 라인업은 예정대로 출시할 예정입니다.https://goo.gl/KA8AYY  pic.twitter.com/GFWgApnyvD",오전 12:37 - 2017년 5월 11일
16일부터 리니지M 공식 홈페이지에서 게임 캐릭터를 미리 만들 수 있는데요. 게임에서 사용할 캐릭터 클라스와 이름을 정하면 이용자는 사전 생성 캐릭터를 게임 출시 직후부터 사용할 수 있습니다. http://fb.me/6lTppmEo1 ,오전 12:01 - 2017년 5월 10일
리니지M 사전예약 중 ? NCSOFT https://lineagem.plaync.com/  5월16일 시작,오후 9:07 - 2017년 5월 9일
과연 리니지M도 리니지2 레볼루션처럼 똥겜일까,오전 2:22 - 2017년 5월 3일
'리니지M' 폭풍이 온다.. 사전예약 300만 명 돌파 후 업계 '초긴장' http://v.media.daum.net/v/20170502121502340 …,오후 10:18 - 2017년 5월 1일
레볼루션 340만 넘을까요? 엔씨소프트 #리니지M 사전예약자 수에 관심이 쏠립니다. 모바일에서 이 수치가 흥행 점치는 주요지표라... 현재 300만 넘었다고 하네요. 때문인지 주가도 다시 신고가 경신했네요. http://www.gamemeca.com/news/view.php?gid=1338854 … pic.twitter.com/rlDaNltBh6,오후 10:00 - 2017년 5월 1일
건축물 에너지소비총량제 내달 본격 시행 http://v.media.daum.net/v/20170502050202722 …#각자도생 #各自圖生 #건강정보 #건강상식 #생활정보 #생활상식 #쌩존 #생쫀 #NoOneBacksYouUp #리니지M,오후 3:57 - 2017년 5월 1일
[리빙포인트] 석쇠에 생선 구울땐 레몬즙을 http://v.media.daum.net/v/20170502030658159?s=l …#각자도생 #各自圖生 #건강정보 #건강상식 #생활정보 #생활상식 #쌩존 #생쫀 #NoOneBacksYouUp #리니지M,오후 3:45 - 2017년 5월 1일
전에 그 리니지m 서버장악하려고 9천만원인가 준비했다는사람 본섭가면 딱 뉴비수준이라면서요,오전 7:28 - 2017년 5월 1일
네이버 켰는데 리니지m 광고모델이 최민식??? 최민식은 게임 안할것 같은데...,오후 9:01 - 2017년 4월 30일
[MMORPG로 맞붙는 '3N'…전운 감도는 게임가] http://bit.ly/2oCezPz  '리니지M' '액스' 올여름 출시…'레볼루션'에 도전장 #MMORPG #아이뉴스24,오후 8:01 - 2017년 4월 27일
'리니지M' 예약자 300만명 돌파.보름만에...대단하네요.5월16일 기자간담회에서 출시일정 공개. http://buff.ly/2qbRzUK ,오후 2:30 - 2017년 4월 27일
엔씨 '리니지M' 개발 버전 이미지 유출..누가? http://v.media.daum.net/v/20170427185622420 …,오전 9:13 - 2017년 4월 27일
"엔씨 '리니지M' 2주새 예약자 300만 돌파…""넷마블 넘어섰다"" http://j.mp/2pohwCw ",오전 12:15 - 2017년 4월 27일
"ㅋㅋ 무슨 나라구하는 일 하시나. 나도 사전예약 했는데 무서워서 하겠나ㅠ 와중에 댓글ㅋㅋ  리니지M, 벌써부터 '사냥터 통제' 논란 (출처 : 게임어바웃 | 네이버 포스트) http://naver.me/Ga0ZJKME ",오후 10:31 - 2017년 4월 25일
고전이긴 하지만 리니지1의 사악함 + 리니지M은 얼마나 더할까 생각하게 해주는 글 http://m.dcinside.com/view.php?id=baseball_new5&no=3444677&page=2&recommend=1 …. 참고로 여기서 캐쉬템 더 추가됨ㅋㅋㅋㅋ 그리고 캐쉬템강화. MAX수치가 증가 ㅋㅋㅋㅋㅋㅋㅋㅋㅋ엠창새끼들 증말,오후 10:22 - 2017년 4월 25일
트친분 중에 친구들끼리 리니지 혈맹 만들자고 한다던거 기억나던데참고로 저 리니지m 서버장악수준의 프리메이슨 구축하는 인간들은 리니지 내에서는 그냥 퇴물 내지는 듣보잡에 불과함저기서 성주가 되는거만으로 앵간한 직장인 이상의 월급이 나옴 ㅋㅋㅋ ,오전 8:00 - 2017년 4월 24일
리니지m http://bs1n.io/v.78pbA  사전예약하고 최초의 혜택을 누려라보너스1 구글 사전 등록하면 1만 아데나 추가 획득! 보너스2 사전예약 소식 공유하면 갑옷 마법 주문서 1개 추가 획득! pic.twitter.com/B2QiFQvVFp,오후 6:06 - 2017년 4월 17일
"엔씨소프트, 리니지M 예약자 200만 돌파 (출처 : 뉴스1 | 네이버 뉴스) http://naver.me/5KeABNf9 ",오후 10:06 - 2017년 4월 15일
리니지M 흥행 기대 3가지 이유 http://dlvr.it/NvJP62  #zdk,오후 6:54 - 2017년 4월 15일
"엔씨소프트, 리니지M 예약자 200만 돌파.5월에 나오는 모바일 역할수행게임(MMORPG).사흘만에 200만명. http://buff.ly/2piQHwV  pic.twitter.com/5j0TpDGNA0",오후 2:30 - 2017년 4월 14일
"리니지 IP 파워, 리니지M에서 폭발하나 http://dlvr.it/NtdN3L  #zdk",오전 2:11 - 2017년 4월 14일
"[퀀트_증권사리포트] 엔씨소프트(036570)_˙리니지 M 사전예약 대폭발, 시장 기대수준 대폭 초과 가능성 상존˙_이베스트투자증권증권 (출처 : 오토봇노트 http://blog.naver.com/thinkpool40/220983368983 … 블로그) http://naver.me/GOcI68Ng ",오전 1:43 - 2017년 4월 14일
"역대급 기대감 '리니지M', 3일만에 사전예약자 200만명 돌파http://www.gamechosun.co.kr/webzine/article/view.php?no=140591 …",오전 12:44 - 2017년 4월 14일
엔씨 '리니지M' 사전 예약 200만 돌파...역대 신기록 경신 - ,오전 12:20 - 2017년 4월 14일
"엔씨소프트, 리니지M 예약자 200만 돌파 http://j.mp/2obaHRk ",오전 12:10 - 2017년 4월 14일
[수성하는 '레볼루션' vs 공성하는 '리니지M'] http://bit.ly/2p1NogO  '리니지 vs 리니지2' 형제대결 본격화…게임업계 핫이슈 부상 #리니지 #아이뉴스24,오후 7:54 - 2017년 4월 13일
리니지M 예약돌풍·펜타스톰 깜짝흥행…손안의 신기록 행진 ,오후 6:03 - 2017년 4월 13일
"두 번째 리니지쇼크, '리니지M'이 온다.. 4월 12일 사전 예약 시작 - ㈜엔씨소프트(대표 김택진)의 두 번째 '리니지 쇼크'가 시작된다. '리니지 레드나이츠'로 모바일 게임 시장에 '리니지'의 ... http://ow.ly/ms0W50aPFWE ",오전 11:46 - 2017년 4월 13일
"김택진, 엔씨소프트 리니지M 다음에 리니지 영화 만들까 - 비즈니스포스트 http://fb.me/FSrx4csM ",오전 5:50 - 2017년 4월 13일
"김택진 완벽주의, 엔씨소프트 ‘리니지M’ 에도 관통됐나 - 비즈니스포스트 http://fb.me/8t0CKwhry ",오전 5:50 - 2017년 4월 13일
"엔씨소프트 주가 이틀 연속 급등, 리니지M 대흥행 기대 - 비즈니스포스트 http://fb.me/6oc1SchXc ",오전 5:50 - 2017년 4월 13일
"주가가 하늘을 찌르지만, 나와는 1도 상관 없다!리니지M 사전예약 중 ? NCSOFT https://lineagem.plaync.com/ ",오전 3:32 - 2017년 4월 13일
"리니지2 레볼루션 '한판 붙자'…리니지M, 사전 예약 시작: 엔씨소프트의 모바일 MMORPG(다중접속역할수행게임) '리니지M'의 사전예약이 12일 오전 8시부터… https://goo.gl/fb/KrxDvV ",오전 1:32 - 2017년 4월 13일
"엔씨소프트, 대작의 향기…리니지M 흥행 '대박' 조짐[서울=내외경제TV] 황이진영 기자 = 삼성증권은 엔씨소프트에 대해 투자의견 '매수', 목표주가는 44만 원을 제시했다.http://www.nbntv.co.kr/news/view.php?idx=67921 …",오후 11:12 - 2017년 4월 12일
[사전등록게임] 모바일게임기대작 '리니지M' 사전예약 진행 http://blog.naver.com/woogi978/220982125033 …,오후 7:43 - 2017년 4월 12일
엔씨소프트 ‘리니지M’ 연타석 홈런 도전… 강력한 흥행조짐 #엔씨소프트 #리니지M #리니지 #리지니흥행 #최민식 #모바일RPG #모바일게임 #리니지M’ ,오후 7:09 - 2017년 4월 12일
[특징주]엔씨소프트 신고가…'리니지M' 흥행 기대감 - [아이뉴스24 윤지혜기자] 엔씨소프트가 신작 게임 '리니지M' 흥행 기대감에 52주 신고가를 경신했다. 엔씨소프트는 12일 오전 9시 42분 현... http://ow.ly/eHKL50aOvmm ,오후 4:46 - 2017년 4월 12일
"리니지M, 8시간 만에 사전예약자 100만명 돌파 '기염'http://www.gamechosun.co.kr/webzine/article/view.php?no=140535 …",오후 4:27 - 2017년 4월 12일
[공지] 사전예약 100만명 돌파 안내 - 리니지M 사전예약 중 ? NCSOFT  https://lineagem.plaync.com/board/free/view?articleId=3338&isNotice=1 …,오전 10:52 - 2017년 4월 12일
"엔씨소프트 주가 급등, 리니지M 사전예약 폭발적 - 비즈니스포스트 http://fb.me/AabunfEj ",오전 7:17 - 2017년 4월 12일
"BSTODAY 모바일 사이트, '리니지M' 향한 열기…사전예약 8시간 만에 100만명 모아 http://m.bstoday.kr/news/articleView.html?idxno=110042 …",오전 6:15 - 2017년 4월 12일
★[사전예약 100만 돌파 기념] 용사님들을 위한 초특급 이벤트!! - 리니지M 사전예약 중 ? NCSOFT  https://lineagem.plaync.com/board/event/view?articleId=3319 …,오전 6:04 - 2017년 4월 12일
리니지 M이 출시되면 모바일 게임 시장에 큰 변환점이 될 수도 있을 것 같다. #Game #리니지M리니지M 사전예약 중 ? NCSOFT https://lineagem.plaync.com/ ,오전 3:48 - 2017년 4월 12일
사실 리니지의 경우 게임보다는 유저문화가 일반적인 게이머에겐 뭐 같아서...리니지M도 아마 수많은 린저씨들이 물을 그리 만들터인데... 과연...,오전 3:19 - 2017년 4월 12일
리니지M ‘20년 원조’의 저력… 8시간만에 100만명 돌파 (출처 : 머니S | 네이버 뉴스) http://naver.me/GKGjCOpR ,오전 2:06 - 2017년 4월 12일
"리니지M, 사전예약자 100만명 돌파..역대 최단 시간만에 달성 / 브레이크뉴스  http://www.breaknews.com/503872 ",오전 1:52 - 2017년 4월 12일
리니지M 사전예약 중 ? NCSOFT https://lineagem.plaync.com/ 음 직원으로써 적극 홍보합니다.... 선한 즐거움만 가득하길^_^;;;;;;;;;;;;;;;;;;;,오전 1:43 - 2017년 4월 12일
온라인 게임 월결제 상한이 없어지는 것이 엔씨 주식 상승의 원인인가 리니지M이 원인인가.,오전 1:32 - 2017년 4월 12일
#리니지M 사전예약을 시작하면서부터 #엔씨소프트의 주가가 6년 만에 32만원 대를 회복했습니다. https://goo.gl/1YNzCb  pic.twitter.com/k7wTusb5u5,오전 1:04 - 2017년 4월 12일
동영상을 @YouTube 재생목록 http://youtu.be/i2zWW-5lqNY?a  [성공투자 꼼첵] '리니지M' 사전 예약 시작 … 엔씨소프트,오전 1:01 - 2017년 4월 12일
리니지M 사전예약중!무슨 영화 예고편인줄... 영상 퀄리티 넘나 쩌는 것..!벌써부터 겁나 기대됨 ㅠㅠㅠㅠ http://fb.me/RQsyKn5N ,오전 12:36 - 2017년 4월 12일
"엔씨소프트, 12일부터 '리니지M' 사전예약 시작…상반기 출시 http://www.newsis.com/view?id=NISX20170412_0014825675 …",오전 12:34 - 2017년 4월 12일
"BSTODAY 모바일 사이트, '리니지M'이 온다…엔씨소프트, 신작 기대감에 신고가 경신 http://m.bstoday.kr/news/articleView.html?idxno=110021 …",오후 11:55 - 2017년 4월 11일
https://lineagem.plaync.com 리니지 M 대박....드디어 나옴...ㅋㅋㅋㅋㅋㅋhttp://bs1n.io/v.VqW1r 사전예약하러 가야징~ㅋㅋ사전예약 혜택도 있고~~아싸~~#리니지 #리니지M #사전예약,오후 10:58 - 2017년 4월 11일
[ #Tistory ] 대작게임 리니지M 나왔다! 카리스마 배우 최민식까지. 두근두근 모바일게임사전등록 http://www.leaderyou.co.kr/5280 ,오후 8:57 - 2017년 4월 11일
리니지m 출시일/영상/사전예약/캐릭터/직업정보 http://vend.co.kr ,오후 8:51 - 2017년 4월 11일
'MMORPG'는 '거대 다중 사용자 온라인 롤 플레잉 게임(Massive Multiplayer Online Role Playing Game)'의 줄임말이다.#리니지M #MMORPG http://fb.me/1Rq9U57yM ,오후 7:42 - 2017년 4월 11일
엔씨소프트 ‘리니지M’ 기대감 ↑...이슈 몰이 성공 http://dlvr.it/NsZcJf  #zdk,오후 7:33 - 2017년 4월 11일
"[특징주]엔씨소프트, 신작 리니지M 기대감에 '52주 신고가'출처 : 아시아경제 | 네이버 뉴스 http://naver.me/Fh3jPjWP ",오후 7:29 - 2017년 4월 11일
[리니지M 기능과 운영 방법] 돌풍 심상치 않다. “리니지M 중장년까지” - 한인협 http://www.kimcoop.org/news/articleView.html?idxno=93915 … 이렇게 달라진다.,오후 7:22 - 2017년 4월 11일
리니지M 돌풍 심상치 않다. “리니지M 중장년까지” - 한인협 http://www.kimcoop.org/news/articleView.html?idxno=93915 … 리니지엠.. 어떻게 운용되나 정밀분석,오후 7:19 - 2017년 4월 11일
리니지M 사전예약 중 ? NCSOFT https://lineagem.plaync.com/ ,오후 7:12 - 2017년 4월 11일
"리니지M이 온다… 엔씨소프트, 사전 예약 개시 http://blog.naver.com/monster7575/220981242323 …",오후 6:33 - 2017년 4월 11일
"엔씨소프트, 모바일 신작 '리니지M' 기대감에 신고가 경신http://www.gamechosun.co.kr/webzine/article/view.php?no=140502 …",오후 6:27 - 2017년 4월 11일
"'리니지M', 12일부터 사전예약 돌입#리니지M #엔씨소프트 #사전예약 #매일경제 #매경 http://fb.me/1PUWNsArB ",오후 5:58 - 2017년 4월 11일
리니지M 사전예약 중 ? NCSOFT https://lineagem.plaync.com/ 드디어 ㅋㅋㅋㅋㅋㅋ,오후 5:34 - 2017년 4월 11일
"엔씨소프트, 12일부터 '리니지M' 사전예약 시작..상반기 출시 | 다음뉴스 http://v.media.daum.net/v/20170412084414104?f=m …",오후 5:23 - 2017년 4월 11일
"리니지m 사전예약 무료혜택 시간, 리니지m 사전예약, 리니지m 사전예약 시간, 리니지 사전예약, 리니지M 캐릭터  http://bit.ly/2onF5ZL ",오후 5:15 - 2017년 4월 11일
리니지m 사전예약 빨리 신청하세요!5~6월 정도 출시될 가능성 높다#리니지 #리니지m #사전예약 #리니지모바일 #엔씨 #출시일,오후 5:14 - 2017년 4월 11일
"상반기 최고 기대작 '리니지M', 사전예약 돌입http://www.gamechosun.co.kr/webzine/article/view.php?no=140500 …",오후 5:13 - 2017년 4월 11일
"리니지m 사전예약 무료혜택, 리니지m 사전예약 등록하는 법, 리니지m 지급장비 http://bit.ly/2onF5ZL ",오후 5:12 - 2017년 4월 11일
"리니지m 사전예약 방법, 리니지m 사전예약 무료혜택, 리니지m 사전예약 출시일 모바일 게임 서버연동 방법  http://bit.ly/2onF5ZL ",오후 5:08 - 2017년 4월 11일
"BSTODAY 모바일 사이트, '리니지M' 12일 사전예약 시작…""원작 매력 그대로 옮겼다"" http://m.bstoday.kr/news/articleView.html?idxno=109980 …",오후 5:01 - 2017년 4월 11일
리니지M 모바일게임사전등록 시작 with 최민식   http://naver.me/GYvSXi5f ,오후 4:47 - 2017년 4월 11일
[CM의 아지트] # PROLOGUE ? 찬란한地 아덴월드에서 펼쳐지는 CM들의 이야기 - 리니지M 사전예약 중 ? NCSOFT  ,오후 4:14 - 2017년 4월 11일
이시간 포털 검색순위 #리니지m#챔피언스리그#고영태체포#유벤투스바르셀로나#유나이티드항공#청송백석탄계곡#권순호판사#고영태#김덕룡#무소불위http://w3devlabs.net/wp/?p=14107 ,오후 3:55 - 2017년 4월 11일
리니지m 사전예약 8시부터 시작!!! 예약방법은 http://baegok.co.kr ,오후 3:46 - 2017년 4월 11일
2017. 4. 12 리니지M 사전예약 https://lineagem.plaync.com/ 리니지ㄱ.ㄱ 뀨,오후 3:40 - 2017년 4월 11일
"리니지m 사전예약 방법, 리니지m 사전예약 시간, 캐릭터 직업 출시일. 리니지m pc서버 http://expertnaver.tistory.com/165 ",오후 3:30 - 2017년 4월 11일
"엔씨, '리니지M' 사전예약 실시…넷마블 '레볼루션'과 치열한 경쟁 예상 http://www.asiatoday.co.kr/view.php?key=20170411010006793 …",오후 3:00 - 2017년 4월 11일
"#리니지m [ET투자뉴스]엔씨소프트, ¨신작 리니지M 흥행…¨ 매수(유지)-유진투자증권 http://www.1go.co.kr/bbs/board.php?bo_table=hotkey&wr_id=12495 … @1gokr 님이 공유",오전 10:37 - 2017년 4월 11일
리니지M 공식영상 SNS 공유이벤트2017. 4. 12 리니지M 사전예약 https://lineagem.plaync.com/ ,오전 7:41 - 2017년 4월 11일
2017. 4. 12 리니지M 사전예약 https://lineagem.plaync.com/  #리니지M 기다렸다구우!  2017년 4월 12일 #리니지M    사전예약해용!  #준비하시오!,오전 5:15 - 2017년 4월 11일
2017. 4. 12 리니지M 사전예약 https://lineagem.plaync.com/  #리니지M 기다렸다구우!  2017년 4월 12일 #리니지M 사전예약해용 !  #준비하시오!,오전 5:15 - 2017년 4월 11일
12일 8시부터 리니지m 사전예약 시작 / 예약 방법 / 게임정보 http://cog.kr ,오전 12:38 - 2017년 4월 11일
엔씨 '리니지M' 사전 예약 D-1...분위기는? http://dlvr.it/Ns8Gnb  #zdk,오후 10:24 - 2017년 4월 10일
리니지m 사전예약 얼마 D-1 이네요 ㅎㅎ 사전예약 방법에 대해 좀더 아시고 싶으신분은 http://cafe.naver.com/sonatine  로 방문해주세요,오전 5:01 - 2017년 4월 10일
▣ 리니지m 사전예약 방법 / 출시정보!!~>> http://urf.co.kr ,오전 2:11 - 2017년 4월 10일
리니지 M 사전등록 이벤트 https://lineagem.plaync.com/#sectionIntroduce …,오전 6:08 - 2017년 4월 9일
"[Lineage M] 리니지M 스페셜무비 https://youtu.be/ITDRv8a0fF4  @YouTube 님이 공유방금 TV에서 봤는데, 난 무슨 새 스마트폰 브랜드 론칭 광고인 줄 알았지 뭐야..",오전 7:18 - 2017년 4월 8일
2017. 4. 12 리니지M 사전예약 https://lineagem.plaync.com/ ,오전 10:07 - 2017년 4월 6일
헐 '리니지M' 홍보 모델이 최민식?! ㄷㄷ 사전 등록은 4월 12일 공식 홈페이지에서 가능하다고 합니다. http://www.inven.co.kr/webzine/news/?news=175596 … 관련 기사를 참조하세요~!,오후 7:23 - 2017년 4월 4일
"상반기 최고 기대작 '리니지M', 홍보모델 명품배우 '최민식' 선정http://www.gamechosun.co.kr/webzine/article/view.php?no=140363 …",오후 6:47 - 2017년 4월 4일
손안에 '리니지M' 3040 린저씨 노린다 http://dlvr.it/NmLy6t  #zdk,오후 7:44 - 2017년 3월 30일
"엔씨소프트, 4월 12일부터 ‘리니지M’ 사전 예약 https://goo.gl/795xCC ",오전 12:36 - 2017년 3월 29일
상반기 기대작 ‘리니지M’ 출시 임박…사전예약 4월 12일부터http://www.gamechosun.co.kr/webzine/article/view.php?no=140219 …,오후 10:31 - 2017년 3월 28일
"엔씨소프트, '리니지M' 플레이 영상 공개 http://j.mp/2lqABi6 ",오후 10:40 - 2017년 2월 8일
리니지M 플레이 영상이 최초 공개됐습니다. '리니지'와 거의 똑같습니다.http://www.inven.co.kr/webzine/news/?news=172217 …,오후 9:57 - 2017년 2월 8일
"'리니지M'은 2017년 상반기, '블소 모바일 MMORPG'는 연내 출시 예정http://www.inven.co.kr/webzine/news/?news=172030 …",오후 7:42 - 2017년 2월 6일
리니지 지식재산권(IP)을 보유한 엔씨소프트가 상반기 출시를 앞둔 대형 모바일 게임 '리니지 M'의 세부 전략을 대폭 수정했습니다.리니지2 레볼루션이 예상을 뛰어넘는 폭발적인 흥행을 이어가고 있기... http://fb.me/1amejMksp ,오후 4:47 - 2017년 2월 1일
"엔씨소프트, 리니지 모바일판 ‘리니지M’ 흥행에 목말라 - 비즈니스포스트 http://fb.me/7VM5w2O49 ",오전 4:37 - 2017년 1월 10일
"엔씨소프트 '리니지M' 출시 임박...""원작 '인기몰이' 여부 관심 집중"" http://post.naver.com/viewer/postView.nhn?memberNo=1436904&volumeNo=5955895 …",오후 6:41 - 2016년 12월 27일
"[게임업계소식] 엔씨소프트, '리니지M' 티저 사이트 공개 http://blog.naver.com/woogi978/220894890077 …",오후 11:03 - 2016년 12월 25일
리니지m 티저사이트: http://youtu.be/lAjQeL3Evw0?a  via @YouTube,오후 10:53 - 2016년 12월 25일
‘리니지2 레볼루션’ 긴장해~!…엔씨소프트 ‘리니지M’ 공개 초읽기 시작 http://dlvr.it/Mxwvrh ,오전 5:24 - 2016년 12월 23일
"리니지M도 출격 준비 중인가 본데, 스토어 1~3등이 리니지로 채워질 것 인가; ㄷㄷ",오전 1:46 - 2016년 12월 23일
"엔씨소프트, 내 손 안에 리니지...‘리니지M’ 티저 사이트 공개 / 브레이크뉴스  http://www.breaknews.com/481320  http://fb.me/11dHrPr5Y ",오후 11:58 - 2016년 12월 22일
원작 '리니지' 감성 그대로… '리니지M' 티저 사이트 공개http://www.gamechosun.co.kr/article/view.php?no=138492 …,오후 9:47 - 2016년 12월 22일
"엔씨소프트, ‘리니지M’ 미리보기 사이트 공개 https://goo.gl/VLYxF0 ",오후 9:27 - 2016년 12월 22일
엔씨 리니지 vs 넷마블 리니지…’리니지M’ 출시에 어떤 영향? http://dlvr.it/Mpcrv5 ,오후 6:53 - 2016년 12월 4일
#엔씨 리니지 vs #넷마블 리니지... 맞불넷마블 '리니지2:레볼루션' 성공할 경우 리니지M 출시 더 늦춰질 듯http://www.ittoday.co.kr/news/articleView.html?idxno=74417 …,오후 5:39 - 2016년 12월 4일
"엔씨소프트 ""리니지M, 예정대로 2017 1분기 공개""http://www.gamechosun.co.kr/article/view.php?no=137561 …",오후 6:18 - 2016년 11월 9일
"리니지M은 ""원작 리니지의 콘텐츠를 모바일에서도 그대로 플레이 가능하도록 만들었다""고 덧붙였다.http://www.gamechosun.co.kr/article/view.php?no=137261 …",오후 10:20 - 2016년 10월 26일
"모바일MMORPG로 부활하는 리니지M, ""완벽한 포팅 http://www.gamechosun.co.kr/article/view.php?no=137261 …",오후 10:20 - 2016년 10월 26일
"탄탄한 IP, 모바일 1위 노린다. 엔씨소프트 '리니지 레드나이츠·리니지 M' #앱애니 http://www.moneys.news/news/mwView.php?no=2016092815368059495 …",오전 3:43 - 2016년 10월 11일
"[엔씨 컨콜] 리니지M, 연말 출시 목표http://www.gamechosun.co.kr/article/view.php?no=135821 …",오후 7:39 - 2016년 8월 10일
나의 성향은 마법 연구 권위자?!: plaync 리니지 http://lineage.plaync.com/eventnew/p2016/160203_fortune/personality/index?rID=02?rID=02 …m.m,오후 5:17 - 2016년 3월 2일
